-- phpMyAdmin SQL Dump
-- version 4.7.7
-- https://www.phpmyadmin.net/
--
-- Máy chủ: 127.0.0.1
-- Thời gian đã tạo: Th6 22, 2022 lúc 05:52 AM
-- Phiên bản máy phục vụ: 10.1.30-MariaDB
-- Phiên bản PHP: 7.2.2

SET SQL_MODE = "NO_AUTO_VALUE_ON_ZERO";
SET AUTOCOMMIT = 0;
START TRANSACTION;
SET time_zone = "+00:00";


/*!40101 SET @OLD_CHARACTER_SET_CLIENT=@@CHARACTER_SET_CLIENT */;
/*!40101 SET @OLD_CHARACTER_SET_RESULTS=@@CHARACTER_SET_RESULTS */;
/*!40101 SET @OLD_COLLATION_CONNECTION=@@COLLATION_CONNECTION */;
/*!40101 SET NAMES utf8mb4 */;

--
-- Cơ sở dữ liệu: `webphim`
--

-- --------------------------------------------------------

--
-- Cấu trúc bảng cho bảng `daodien`
--

CREATE TABLE `daodien` (
  `ID_DaoDien` int(50) NOT NULL,
  `TenDaoDien` varchar(50) COLLATE utf8mb4_unicode_ci NOT NULL
) ENGINE=InnoDB DEFAULT CHARSET=utf8mb4 COLLATE=utf8mb4_unicode_ci;

--
-- Đang đổ dữ liệu cho bảng `daodien`
--

INSERT INTO `daodien` (`ID_DaoDien`, `TenDaoDien`) VALUES
(24, 'Kim Jung Hyun'),
(25, 'Chu Duệ Bân'),
(26, 'Kim Tae Yoon'),
(27, 'Frank Darabont'),
(29, 'Jeremy Slater'),
(30, 'Anuwat Thanomrod'),
(31, 'Christian Schwochow'),
(32, 'Martin Wilson'),
(33, 'Hoàng Tuấn Văn'),
(34, 'Ericson Core'),
(35, 'Kim Seok Yoon'),
(36, 'Kwon Suk Jang'),
(37, 'Lý Hải'),
(38, 'Reid Carolin'),
(39, 'Trang Huyến Duy'),
(40, 'Joshua Wong'),
(41, 'Thanakorn Poshyananda'),
(42, 'Mauro BorrelliJacobson'),
(43, 'Gita Pullapilly'),
(44, 'Nhất Trung'),
(45, 'Trương Nghệ Mưu'),
(47, 'Giả Chương Kha'),
(48, 'Jang Tae Yoo'),
(49, 'Kenji Tanigaki'),
(50, 'Tye Nattapol Leeyawanich '),
(51, 'Trần Khả Tân'),
(52, 'Matthijs van Heijningen Jr.'),
(53, 'Agata Alexander'),
(54, 'Denis Villeneuve'),
(55, 'Lee Seung Young'),
(56, 'Banjong Pisanthanakun'),
(57, 'Hướng Khải'),
(58, 'Đức Thịnh'),
(59, 'Brad Bird'),
(60, 'Ric Roman Waugh'),
(61, 'Danny Boyle'),
(63, 'Felix Fuchssteiner'),
(64, 'Trần Mộc Thắng'),
(65, 'Trần Phương Thảo'),
(66, 'Chu Thiếu Kiệt'),
(67, 'Lý Minh Thắng'),
(68, 'Christopher Nolan'),
(69, 'en Affleck'),
(70, 'Sophon Sakdaphisit'),
(71, 'ai Tiểu Thanh'),
(72, 'Nguyễn Hoàng Anh'),
(73, 'Poj Arnon'),
(74, ' Lâm Đức Lộc');

-- --------------------------------------------------------

--
-- Cấu trúc bảng cho bảng `dienvien`
--

CREATE TABLE `dienvien` (
  `ID_DienVien` int(50) NOT NULL,
  `TenDienVien` text COLLATE utf8mb4_unicode_ci NOT NULL,
  `Anh_DV` text COLLATE utf8mb4_unicode_ci NOT NULL,
  `NgaySinh` date NOT NULL,
  `NoiSinh` text COLLATE utf8mb4_unicode_ci NOT NULL,
  `QuocTich` int(50) NOT NULL,
  `ChieuCao` text COLLATE utf8mb4_unicode_ci NOT NULL,
  `CanNang` text COLLATE utf8mb4_unicode_ci NOT NULL,
  `NgheNghiep` int(50) NOT NULL,
  `HoatDong` text COLLATE utf8mb4_unicode_ci NOT NULL,
  `MoTa` text COLLATE utf8mb4_unicode_ci NOT NULL
) ENGINE=InnoDB DEFAULT CHARSET=utf8mb4 COLLATE=utf8mb4_unicode_ci;

--
-- Đang đổ dữ liệu cho bảng `dienvien`
--

INSERT INTO `dienvien` (`ID_DienVien`, `TenDienVien`, `Anh_DV`, `NgaySinh`, `NoiSinh`, `QuocTich`, `ChieuCao`, `CanNang`, `NgheNghiep`, `HoatDong`, `MoTa`) VALUES
(25, 'Jae Wook ', 'DV1-01.jpg', '1983-04-02', 'Seoul', 8, '1M75', '70KG', 3, '2006 đến nay', 'Jae-wook được sinh ra ở Seoul, và lớn lên ở Nhật Bản cho đến năm 7 tuổi sau đó quay trở lại Hàn Quốc. Gia đình anh gồm có bố mẹ và một anh trai. Bố anh là một nhà báo được phái sang nước ngoài để công tác nên cả gia đình anh đã đến Nhật Bản sinh sống. Anh sống ở Nhật Bản từ nhỏ nên vì vậy khi trở về Hàn Quốc học tiểu học, anh gặp khó khăn trong việc nói tiếng Hàn. Anh bắt đầu hoạt động trong một ban nhạc, cho đến khi anh được 17, anh bắt đầu với công việc người mẫu. Do có thời gian sống ở Nhật Bản, anh có thể nói thông thạo tiếng Nhật.[4]'),
(26, 'Nhậm Gia Luân', 'DV1-02.jpeg', '1989-04-11', 'Sơn Đông', 7, '1M70', '59KG', 2, '2009 đến nay', 'Nhậm Gia Luân vốn là một vận động viên bóng bàn trước khi trở thành diễn viên hạng A như hiện nay. Vốn có sẵn trong mình niềm mê nghệ thuật nên năm 16 tuổi anh thử sức với các cuộc thi âm nhạc, sau đó trở thành đội trưởng, ráp chính và vũ đạo cho nhóm nhạc hợp tác Trung - Hàn. Tuy nhiên, nhóm đã không được debut như dự kiến. Ca hát giống như một chiếc áo chật với Nhậm Gia Luân, anh bắt đầu thử sức với lĩnh vực diễn xuất và vai diễn đầu tay là bộ phim Thông Thiên Địch Nhân Kiệt thuộc thể loại hành động, phá án. Tuy nhiên, bộ phim không gặt hái được nhiều tiếng vang trong thời điểm đó. Liên tiếp các năm sau đó, Nhậm Gia Luân tham gia đóng trong nhiều bộ phim khác nhau như: Thanh Vân Chí, Không nói tạm biệt, Long Châu Truyền Kỳ Chu Vô Gian Đạo, Đại Đường Vinh Diệu, Thiên Kê Chi Bạch Xà Truyền Thuyết… Và chính sự chăm chỉ ấy đã giúp nam diễn viên góp mặt trong dự án bom tấn Ngự Giao Ký phần 2.'),
(27, 'Kim Hee Sun', 'DV1-03.jpg', '1977-06-11', 'Daegu', 8, '1M50', '45KG', 1, '1999 đến nay', 'Kim Hee Sun hay Kim Hee-Seon, sinh ngày 11 tháng 6 năm 1977 tại Daegu, là một nữ diễn viên người Hàn Quốc. Cô khởi đầu sự nghiệp bằng việc tham dự một khoá đào tạo diễn xuất. Cô đã tham gia nhiều bộ phim truyền hình, phim điện ảnh và đoạt nhiều giải thưởng nội địa của Hàn Quốc.  Dù không còn trẻ trung về tuổi đời và tuổi nghề nhưng Kim Hee Sun vẫn luôn được xem là một trong những nhan sắc số một của làng giải trí xứ Hàn tại quê nhà cũng như tại châu Á. Vẻ đẹp của cô không chỉ khiến fan trong nước mê mẩn mà nhiều khán giả Việt Nam, Trung Quốc, Đài Loan cũng tôn vinh cô là một trong những mỹ nhân đẹp nhất châu Á. Ở tuổi 40, trước khi đảm nhận vai nữ chính trong phim mới Tomorrow (2022) Kim Hee Sun đã có mọi thứ mà đồng nghiệp cùng lứa mong muốn, một sự nghiệp ổn định, một gia đình hạnh phúc, và sự yêu mến của khán giả dành cho cô chưa bao giờ giảm sút.'),
(28, 'Norman Reedus', 'DV1-04.jpg', '1969-01-06', 'Florida', 5, '1M65', '65KG', 4, '1990 đến nay', 'Norman Reedus sinh ra ở Hollywood, Florida, cho Marianne và Norman Reedus. Anh ấy là người Ý (từ bà nội của anh ấy), gốc Anh, Scotland và Ireland.  Bộ phim đầu tiên của Norman là trong phim kinh dị Mimic (1997) của đạo diễn Guillermo Del Toro, trong đó anh đóng vai nhân vật Jeremy. Anh cũng đã đóng các vai trong các bộ phim \"Floating\", Six Ways to Sunday (1997), Deuces Wild (2002), Blade II (2002), \"Gossip\", Những thước phim có lỗi (1999), Giang hồ Mỹ (2007) ), Hero Wanted (2008) và Moscow Chill. Năm 2005, anh ấy đã tham gia một phần nhỏ trong phim Antikörper của Christian Alvart(2005) trong vai một cảnh sát Đức. Năm 2008, anh đóng vai chính trong _Red Canyon_ và Triple Nine của John Hillcoat và The Conspirator'),
(29, 'Oscar Isaac', 'DV1-05.jpg', '1979-03-09', 'Florida', 5, '1M70', '72KG', 6, '2001 đến nay', 'Oscar Isaac sinh ngày 9 tháng 3 năm 1979 là một nam diễn viên, nhạc sĩ người Mỹ gốc Guatemala. Năm 2016, Isaac nằm trong danh sách Time 100 của tờ Time. Bộ phim đánh dấu sự xuất hiện của Oscar Isaac trong “Vũ trụ điện ảnh Marvel” với vai Marc Spector, một cựu đặc nhiệm CIA đã trở thành lính đánh thuê. Nhân vật này chết trong một nhiệm vụ tại Sudan nhưng được hồi sinh và trở thành người đại diện cho thần Moon Knight. Mới đây, nam diễn viên Oscar Isaac đã nói với tạp chí Empire rằng, “Moon Knight” là sản phẩm mà nhân vật chính được phân tích rất cẩn thận lần đầu tiên kể từ sau “Iron Man”. Tôi nghĩ mình cần phải nắm lấy cơ hội này, để làm một điều gì đó hấp dẫn trên sân khấu lớn của Marvel”, Oscar Isaac nói.'),
(30, 'Porshe Saran Sirilak', 'DV1-06.jpg', '1991-11-14', 'Chiang Rai', 9, '1M79', '70KG', 4, '2010 đến nay', 'Porshe saran:  anh là một diễn viên, người mẫu, ca sĩ Thái Lan. Tên thật là Saran Sirilak (tiếng Thái: ศรัณย์ ศิริลักษณ์; hay Saran Siriluksana), biết đến nghệ danh Porshe (tiếng Thái: พอร์ช,).  Anh bắt đầu nổi tiếng từ phim Ngọc bích Huyết Long. Anh là diễn viên độc quyền đài Channel 7 (CH7) Thái Lan đến cuối 2020. Porsche bước chân vào thế giới giải trí từ việc làm người mẫu, chụp ảnh tạp chí, rồi tham gia các MV ca nhạc, cái duyên khi tham gia movie Kao Ruk Tee Korea giúp Porsche nhận được giải Diễn viên trẻ triển vọng năm 2010. Anh còn cover ca khúc “Promise” bằng tiếng Thái – ca khúc nhạc phim chính của bộ phim nổi tiếng Hàn Quốc Cô nàng đẹp trai.'),
(31, 'Jeremy Irons', 'DV1-07.jpg', '1948-09-19', 'Hamburg', 11, '1M87', '75KG', 6, '1970 đến nay', 'Diễn viên người Anh Jeremy Irons sinh ra ở Cowes, Isle of Wight, một hòn đảo nhỏ ngoài khơi bờ biển phía nam nước Anh. Anh là con trai của Barbara Anne Brereton (Sharpe) và Paul Dugan Irons, một nhân viên kế toán. Jeremy thời trẻ tỏ ra không thích những con số lắm. Anh đến thăm lục địa Anh chỉ một lần mỗi năm. Anh ta bị bắt là có cơ sở khi gia đình anh ta định cư ở Hertfordshire. Năm 13 tuổi, anh đăng ký vào trường Sherborne, Dorset, nơi anh có thể luyện tập môn thể thao yêu thích của mình, cưỡi ngựa. Trước khi trở thành một diễn viên, anh ấy đã từng coi nghề bác sĩ thú y là một bác sĩ phẫu thuật. Anh được đào tạo tại Trường Bristol Old Vic trong hai năm, sau đó gia nhập công ty văn phòng Bristol Old Vic, nơi anh có được kinh nghiệm làm việc trong mọi thứ, từ Shakespeare đến phim truyền hình đương đại. Anh chuyển đến London vào năm 1971 và có một số công việc trước khi nhận vai \"John the Baptist\" trong vở nhạc kịch ăn khách \"Godspell\".'),
(32, 'Katrina Bowden', 'DV1-08.jpg', '1988-09-19', 'Melbourne', 12, '1M52', '44KG', 2, '2011 đến nay', 'Katrina Bowden (sinh ngày 19 tháng 9 năm 1988) lớn lên ở Wyckoff, New Jersey. Cô theo học trường Saint Thomas More hiện đã không còn tồn tại ở Midland Park, New Jersey để học ngữ pháp và học trung học cơ sở. Sau đó cô theo học tại Học viện Tim mạch Vô nhiễm ở Thị trấn Washington, New Jersey.  Năm 2006, Bowden ghi được vai diễn đầu tiên trong bộ phim dài hai tập trên kênh truyền hình dài tập ban ngày One Life to Live (1968) của đài ABC với vai Britney. Cô đã đóng vai chính trong các chương trình như Luật & Lệnh: Đơn vị Nạn nhân Đặc biệt (1999) và Betty Xấu Xí (2006). Vai diễn đột phá của Bowden đến khi cô được chọn vào vai một nhân vật định kỳ, Cerie, trong loạt phim truyền hình hài 30 Rock từng đoạt giải Emmy(Năm 2006). Cô đăng ký tham gia như thường lệ cho mùa thứ hai của chương trình vào năm 2007 và đóng vai chính trong loạt phim này thông qua phần cuối cùng của mùa thứ bảy vào năm 2013.'),
(33, 'Châu Tấn', 'DV1-09.jpg', '1974-10-18', 'Giang Tô', 7, '1M50', '45KG', 3, '1990 đến nay', 'Châu Tấn sinh ngày 18 tháng 10 năm 1974 là nữ diễn viên, ca sĩ người Trung Quốc. Cô là một trong Tứ Đại Hoa Đán của Trung Quốc vào đầu thập niên 2000, cùng với Chương Tử Di, Từ Tịnh Lôi và Triệu Vy.. Cô sinh ra trong gia đình lao động với hoàn cảnh thiếu thốn từ nhỏ. Có bố là họa sĩ ở rạp chiếu phim, nữ diễn viên từ sớm đã làm quen với với công việc soát vé.  Để có được như ngày hôm nay cũng như được góp mặt vào dự án lớn như Gia Đình Tiểu Mẫn, Châu Tấn đã phải trải qua biết bao nhiêu là sự hy sinh cho nghệ thuật. Ở tuổi 16, Châu Tân bắt đầu chập chững công việc làm mẫu ảnh lịch và tham gia bộ phim đầu tiên Cổ Mộ Hoang Trai. Do thù lao ít ỏi, nữ diễn viên buộc phải nhận lời đi biểu diễn mỗi đêm ở các hộp đêm. Sau khi tốt nghiệp cấp ba, cô trở lại Bắc Kinh chính thức theo đuổi sự nghiệp diễn xuất.'),
(34, 'Willem Dafoe', 'DV1-10.jpg', '1955-07-22', 'Wisconsin', 5, '1m78', '60KG', 6, '1977 đến nay', 'William James Dafoe sinh ngày 22 tháng 7 năm 1955) là một diễn viên người Mỹ. Anh là người nhận được nhiều giải thưởng khác nhau , bao gồm Cúp Volpi cho Nam diễn viên chính xuất sắc nhất , ngoài ra còn nhận được đề cử cho bốn giải Oscar , bốn giải Screen Actors Guild , ba giải Quả cầu vàng và một giải thưởng Điện ảnh của Viện hàn lâm Anh . Anh thường xuyên hợp tác với các nhà làm phim Paul Schrader , Abel Ferrara , Lars von Trier , Julian Schnabel , vàWes Anderson .  Dafoe là thành viên ban đầu của công ty rạp hát thực nghiệm The Wooster Group . Anh có bộ phim đầu tay là Cổng trời (1980), nhưng đã bị sa thải trong quá trình sản xuất. Anh có vai chính đầu tiên trong bộ phim về người đi xe đạp ngoài vòng pháp luật The Loveless (1982) và sau đó đóng vai phản diện chính trong Streets of Fire (1984) và To Live and Die in LA (1985). Anh nhận được đề cử Giải Oscar đầu tiên (Nam diễn viên phụ xuất sắc nhất) cho vai diễn Trung sĩ Elias Grodin trong bộ phim chiến tranh Platoon (1986) của Oliver Stone . Năm 1988, Dafoe đóng vai Chúa Jesus trong The Last Temptation of Christ của Martin Scorsese và đóng chính trongMississippi Burning , cả hai đều gây tranh cãi.'),
(35, 'Kim Bum', 'DV1-11.jpg', '1989-07-07', 'Asan', 8, '1M80', '62KG', 4, '2012 đến nay', 'Kim Bum sinh ngày 7 tháng 7 năm 1989 là nam diễn viên Hàn Quốc nổi tiếng qua bộ phim Boys Over Flowers với vai So Ji Yung. Kim Bum Tốt nghiệp Đại học Chung-Ang chuyên ngành Sân khấu - Điện ảnh. Anh tham gia nhập ngũ nào tháng 04 năm 2018 và xuất ngũ ngày 13 tháng 03 năm 2020. Nam diễn viên nằm trong top người được yêu thích ở xứ Hàn và nhiều nước trong khu vực Châu Á, anh từng ghi tên mình vào dàn sao trẻ khi đóng bộ phim Vườn Sao Băng. Kể từ sau đó mỹ nam 32 tuổi liên tục thay đổi hình tượng trong các vai diễn, nhưng lại không tạo nên được tiếng vang lớn. Cho đến thời gian gần đây Kim Bum đã tái xuất và thành công trong dự án Bạn Trai Tôi Là Hồ Ly (2020) và đang bắt đầu lấy lại phong độ trong dự án kế tiếp là Trường Luật 2021 (Law School drama).'),
(36, 'Jung Il Woo', 'DV1-12.jpg', '1987-09-09', 'Busan', 8, '1M77', '65KG', 2, '2007 đến nay', 'Jung Il Woo sinh ngày 9 tháng 9 năm 1987 là một nam diễn viên, người mẫu, ca sĩ người Hàn Quốc. Anh nổi tiếng với vai Lee Yoon Ho trong bộ phim Gia đình là số một. Jung Il Woo từng theo học tại học viện nghệ thuật Seoul. Cha của Jung Il Woo là giám đốc học viện Kendo. Gia thế của nam diễn viên 33 tuổi khá ấn tượng khi có mẹ là viện trưởng Textiles Research Lab tại đại học Hàn Quốc và là một chuyên gia từng đạt giải thưởng trong lĩnh vực nghệ thuật lịch sử và ông nội là giám đốc bệnh viện ở Hàn Quốc. Dù vậy, năng lực diễn xuất của Jung II Woo đã được khán giả công nhận từ rất lâu, vì vậy mà tác phẩm Bossam: Đánh Cắp Số Phận đã nhanh chóng nổi bần bật trên mạng xã hội khi có thông tin nam diễn viên Jung II Woo góp mặt, dù chưa chính thức lên sóng.'),
(37, 'Ốc Thanh Vân', 'DV1-13.jpg', '1984-02-19', 'Hải Phòng', 6, '1M65', '54KG', 2, '2006 đến nay', 'Ốc Thanh Vân (tên thật là Phạm Thị Thanh Vân, sinh ngày 18 tháng 2 năm 1984 tại Hải Phòng) là một nữ diễn viên hài kịch – kịch nói, diễn viên điện ảnh, diễn viên truyền hình, người dẫn chương trình và diễn viên lồng tiếng người Việt Nam.  Thanh Vân được người hâm mộ gọi bằng tên thân mật là Thanh Vân Ốc hay Ốc Thanh Vân (Ốc là biệt danh của cô), có thể là một cách để dễ phân biệt với Ngô Thanh Vân, Phi Thanh Vân và Thanh Vân Hugo. Sinh ra trong một gia đình hoạt động trong ngành nghệ thuật, mẹ cô là giảng viên dạy thanh nhạc nên có nhiều điều kiện bồi dưỡng năng khiếu nghệ thuật của cô. Bởi vậy, Thanh Vân đã từng học qua các lớp nghệ thuật năng khiếu như múa, hát và piano.  Năm 1991, cả gia đình Thanh Vân chuyển vào Thành phố Hồ Chí Minh sống. Khi đang học năm cuối THPT, Thanh Vân quyết định tham dự cuộc thi Triển vọng Điện ảnh năm 2000 và lọt vào tới vòng chung kết của cuộc thi. Đây cũng là tiền đề để sau này Thanh Vân cùng đậu thủ khoa cả hai trường Cao đẳng Sân khấu Điện ảnh và Cao đẳng Sư phạm khoa Thanh Nhạc. Sau một năm học đồng thời cả hai khoa, Thanh Vân quyết định theo hẳn khoa diễn viên trường Cao đẳng Sân khấu Điện ảnh.'),
(38, 'Channing Tatum', 'DV1-14.jpg', '1980-04-20', 'Los Angeles', 5, '1M79', '70KG', 4, '2003 đến nay', 'Nổi tiếng từ khi còn trẻ nhưng sau nhiều năm hoạt động, Channing Tatum vẫn chưa được công nhận khả năng diễn xuất. Có thể nói, anh là một trong số ít trường hợp “nhờ đẹp mà nổi” của Hollywood. Channing Tatum bắt đầu sự nghiệp từ năm 2004, với một vai nhỏ trong loạt phim hình sự kinh điển CSI: Miami. Sau vài vai phụ, anh bắt đầu được chú ý nhờ bộ phim teen nổi tiếng She ‘s The Man đóng cặp cùng Amanda Bynes. Phim là chuyển thể hiện đại của vở kịch Đêm Thứ 12 do đại văn hào Shakespeare sáng tác. Vai cậu học sinh có bề ngoài cao lớn nhưng vừa nhát gan vừa khờ khạo chuyện tình cảm của anh đã khiến con tim nhiều khán giả nữ lỗi nhịp. Tatum có một sự nghiệp diễn viên khá may mắn. Sau She ‘s The Man, anh nhận ngay một tác phẩm điện ảnh ấn tượng – bộ phim nổi tiếng lấy đề tài vũ công Step Up. Thành công rực rỡ của phim hay này đã đưa Tatum trở thành ngôi sao mới của Hollywood. Hình tượng anh chàng mạnh mẽ, cơ bắp với trái tim ấm áp và cá tính khá bốc đồng theo Tatum đi suốt từ phim này tới phim khác, từ những phim hành động như G.I. Joe: The Rise Of Cobra, 21 Jump Street, White House Down… đến phim tình cảm The Vow, Dear John. Đa số các bộ phim anh tham gia đều được khán giả đón nhận, nhiều phim thành công đến mức có phần tiếp theo. '),
(39, 'Châu Du Dân', 'DV1-15.jpg', '1981-06-09', 'Bắc Kinh', 7, '1M81', '71KG', 7, '2016 đến nay', 'Châu Du Dân sinh ngày 9 tháng 6 năm 1981 là nam ca sĩ kiêm diễn viên, người mẫu Đài Loan, cựu thành viên của nhóm nhạc Đài Loan F4. Trước khi đến với vai nam chính trong phim Khu Vực Nguy Hiểm nam diễn viên là một trong những năm thần tượng xứ Đài hàng đầu showbiz với loạt tác phẩm để đời như: Chiến Thần, Cơn Lốc Tình Yêu, Mưa Sao Băng,.. Sở hữu vẻ ngoài lãng tử cùng tính cách lạnh lùng ngoài đời lẫn trên màn ảnh đã giúp Châu Du Dân có lượng fandom khổng lồ không chỉ ở trong nước mà còn Hàn Quốc, Thái Lan, Việt Nam.'),
(40, 'Kara Wang', 'DV1-16.jpg', '1978-04-30', 'Hồng Kông', 10, '1M61', '51KG', 2, '2002 đến nay', 'Kara Wang là một nữ diễn viên người Mỹ gốc Hoa đến từ Los Angeles. Cô ấy nói tiếng Quan Thoại bản địa cũng như phương ngữ Trung Quốc Hàng Châu. Cô cũng đọc và viết cả tiếng Trung phồn thể và giản thể. Kara bắt đầu biểu diễn từ năm 6 tuổi, tích cực tham gia vào sân khấu và biểu diễn dàn hợp xướng trong suốt trường tiểu học, trung học cơ sở và trung học phổ thông. Năm 15 tuổi, cô ký hợp đồng với đại lý đầu tiên của mình.  Kara tốt nghiệp cử nhân sân khấu tại Đại học California, Irvine. Sau khi tốt nghiệp, cô đã ký hợp đồng toàn cầu với một công ty tài năng ở Châu Á. Kara cư trú tại Hồng Kông và Bắc Kinh trong những năm 2010-2015. Trong thời gian đó, cô đã tham gia diễn xuất trong hơn 20 tác phẩm điện ảnh và truyền hình Trung Quốc, bao gồm cả Caught in the Web của đạo diễn nổi tiếng người Trung Quốc Trần Khải Ca.'),
(41, 'Ranee Campen', 'DV1-17.jpg', '1989-12-24', 'Chiang Rai', 9, '1M70', '51KG', 4, '2011 đến nay', 'Ranee Campen sinh ngày 24 tháng 12 năm 1989 thường được biết đến với nghệ danh Bella, là một nữ diễn viên người Thái Lan gốc Anh. Cô là diễn viên độc quyền của đài Channel 3 Thái Lan. Vì là con lai nên các nét trên gương mặt của Ranee đều rất ấn tượng, đặc biệt là khi xuất hiện trên màn ảnh. Ranee Campen được các đạo diễn Thái Lan săn đón rất nhiều không chỉ nằm ở kinh nghiệm diễn xuất mà còn nhờ ngoại hình khi cô sở hữu đôi mắt to, gương mặt thanh thoát, nụ cười rạng rỡ và sống mũi cao cuốn hút. Nếu bạn tò mò về nhan sắc của nữ diễn viên này thì có thể chiêm ngưỡng ngay trong bộ phim Dám Yêu (Dare to Love: Hai Ruk Pipaksa) đang được phát sóng trên ssPhim.net  Không chỉ gây ấn tượng ở nhan sắc trời phú mà Ranee còn là một nữ diễn viên tài năng với trình độ học vấn Thạc sĩ khoa Báo chí và Truyền thông đại chúng. Khán giả biết đến cô qua loạt tác phẩm nổi tiếng như Bác sĩ Puttipat, Cô vợ mẫu mực, Trò đùa của thượng đế, Hai thế giới một tình yêu, Ngọn lửa đức hạnh,.. Và đây hầu hết là các tác phẩm ngôn tình, hài hước vậy nên khi đến với bộ phim Dám Yêu thì Ranee Campen xem như có lợi thế về sức mạnh diễn xuất của mình.'),
(42, 'Mickey Rourke', 'DV1-18.jpg', '1952-09-16', 'Bayern', 11, '1M75', '71KG', 6, '1990 đến nay', 'Mickey Rourke tên khai sinh là Phillip Andre Rourke, Jr vào ngày 16 tháng 9 năm 1952, tại Bayern, Đức, là con trai của Annette (Cameron) và Phillip Andre Rourke. Cha của anh là người gốc Ailen và Đức, còn mẹ anh là người Canada gốc Pháp, Anh và Đức. Khi anh sáu tuổi, cha mẹ anh ly hôn. Một năm sau, mẹ anh kết hôn với Eugene Addis, một cảnh sát ở Bãi biển Miami, và chuyển đến Miami Shores, Florida. Sau khi tốt nghiệp trường trung học cơ sở Horace Mann, gia đình Rourke chuyển đến một ngôi nhà nằm trên phố 47 và đại lộ Prairie ở bãi biển Miami. Năm 1969, Rourke theo học tại trường trung học Miami Beach, nơi anh chơi vận động viên ném rổ đầu tiên dây thứ hai dưới thời huấn luyện viên Skip Bertman. Anh cũng đã tham gia một vở kịch học đường, \"The Serpent,\" của đạo diễn huyền thoại \"Teacher To The Stars\" Jay W.'),
(43, 'Kristen Bell', 'DV1-19.jpg', '1980-07-19', 'Sydney', 12, '1M68', '52KG', 7, '2002 đến nay', 'Kristen Anne Bell (sinh năm 1980) là một nữ diễn viên và ca sĩ người Ucs. Cô sinh ra và lớn lên ở Huntington Woods, Michigan, và là con gái của Lorelei (Frygier), một y tá và Tom Bell, một giám đốc truyền hình tin tức. Tổ tiên của cô là người Ba Lan (mẹ) và Đức, Anh, Ireland và Scotland (cha). Kristen đã phát hiện ra tài năng của mình trong lĩnh vực giải trí ngay từ khi còn nhỏ. Năm 1992, cô đến buổi thử vai đầu tiên và giành được vai diễn trong Raggedy Ann and Andy. Mẹ của Bell đã thành lập cho cô một người đại diện trước khi cô 13 tuổi, và cô đã được mời tham gia các quảng cáo trên báo và quảng cáo trên truyền hình. Lúc này, cô cũng bắt đầu học diễn xuất riêng. Bell đã có một vai diễn không được công nhận trong bộ phim Đám cưới Ba Lan (1998) vào năm 1998.'),
(44, 'Thu Trang', 'DV1-20.jpg', '1984-01-01', 'Thành phố Hồ Chí Minh', 6, '1M58', '48KG', 1, '2006 đến nay', 'Thu Trang sinh năm 1984 tại TP HCM, trong một gia đình tiểu thương giàu có. Chồng Thu Trang - diễn viên Tiến Luật - kể từ nhỏ cho đến lúc học cấp ba, vợ anh được coi là tiểu thư kiêu kỳ khi sống trong ngôi nhà mặt tiền tại quận 6, TP HCM và có tới ba người giúp việc. Thu Trang tâm sự vì sống sung sướng từ nhỏ nên cô khá mơ mộng, chỉ thích lớn lên được làm ca sĩ, diễn viên.  Nữ diễn viên chia sẻ ngày còn học cấp 3 cô rất trắng trẻo, xinh xắn nhưng biến cố gia đình khiến Thu Trang suy sụp. Năm 18 tuổi, cô tốt nghiệp THPT cũng là lúc gia đình phá sản. Cô gầy đi nhanh chóng và xuống sắc trông thấy. Với ngoại hình không có nhiều lợi thế so với các diễn viên khác, Thu Trang chọn tấu hài làm đất diễn.'),
(45, 'Đổng Khiết', 'DV1-21.jpg', '1984-06-08', 'Liêu Ninh', 7, '1M65', '54KG', 2, '2010 đến nay', 'Đổng Khiết là một nữ diễn viên Trung Quốc sinh ra ở Đại Liên, Liêu Ninh. Cô tốt nghiệp khoa múa của trường Cao đẳng Văn hóa Quân sự thuộc Đại học Quốc phòng của Quân Giải phóng Nhân dân Trung Quốc.  Cô bắt đầu nổi tiếng vào năm 2000 sau khi tham gia chương trình Gala Lễ hội mùa xuân của đài CCTV. Cùng năm đó, đạo diễn Zhang Yi Mou đã chọn cô đóng vai chính trong bộ phim \"Happy Times\", bộ phim mà cô đã giành được Giải thưởng Điện ảnh Trung Quốc lần thứ 7 cho Tài năng Điện ảnh Mới và Giải Nữ diễn viên chính xuất sắc nhất tại Liên hoan phim Quốc tế Valladolid lần thứ 47 ở Tây Ban Nha.  Trước khi đảm nhận vai nữ chính trong phim Xin Chào Mẫu Thân Đại Nhân, Đổng Khiết đã có trong tay loạt tác phẩm để đời như: Năm 2003, cô đóng vai chính trong bộ phim lãng mạn \"Câu chuyện của một gia đình quý tộc\", đã giành được giải thưởng xếp hạng hàng năm của CCTV.  Năm 2018, cô đã giành chiến thắng trong trận chung kết \"Shake It Up\" của Dragon TV. Cùng năm đó, cô đã giành được Giải thưởng Nữ diễn viên hấp dẫn của Liên hoan Opera Quốc gia của Đài truyền hình vệ tinh An Huy cho vai diễn trong \"Bí mật Tam Quốc\".  Năm 2008, cô kết hôn với nam diễn viên Pan Yue Ming và sinh con trai một năm sau đó, nhưng họ ly hôn vào năm 2012 sau khi Dong tố cáo Pan là một con bạc.'),
(46, 'Vạn Ỷ Văn', 'DV1-22.jpg', '1970-10-02', 'Quảng Tây', 7, '1M57', '48KG', 1, '1994 đến nay', 'Vạn Ỷ Văn sinh ngày 2 tháng 10 năm 1970 là một nữ diễn viên người Hồng Kông. Người đẹp này từng đoạt giải Á hậu 1 tại cuộc thi Hoa hậu Á Châu năm 1989, trước khi được bầu vào \"top 5 ngôi sao có thân hình đẹp nhất thiên niên kỷ\" trong một cuộc bầu chọn qua mạng.'),
(47, 'Kim Yoo Jung', 'DV1-23.jpeg', '1999-09-22', 'Asan', 8, '1M60', '50KG', 2, '2020 đến nay', 'Kim Yoo Jung sinh ngày 22 tháng 9 năm 1999 là một nữ diễn viên người Hàn Quốc. Cô được biết đến là một diễn viên nổi tiếng và rất có tài năng ở cả mảng điện ảnh và truyền hình. Năm 2017, Yoo Jung đứng thứ 8 trong danh sách \"Forbes Korea Power Celebrity\", trở thành nữ diễn viên nổi tiếng trẻ tuổi nhất nằm trong danh sách.  Không riêng gì tác phẩm Bầu Trời Rực Đỏ mà các tác phẩm trước đó Kim Yoo Jung đều được khán giả khen ngợi “Em gái quốc dân” của Hàn Quốc và ngày càng trưởng thành, tỏa sáng trên con đường nghệ thuật. Tài năng diễn xuất của nữ diễn viên đánh giá ở thời điểm hiện tại phải nói là thuộc dạng thượng thừa dễ dàng chạm đến cảm xúc khán giả. Kim Yoo Jung được dự đoán sẽ là Jun Ji Hyun thống trị về mặt phim ảnh và thương mại trong tương lai.'),
(48, 'Chân Tử Đan', 'DV1-24.jpg', '1963-07-27', 'Quảng Đông', 7, '1M72', '60KG', 1, '1986 đến nay', 'Chân Tử Đan sinh ở Quảng Châu, Quảng Đông, Trung Quốc, là con của nữ danh sư Thái cực quyền Mạch Bảo Thiền và ông Chân Vân Long, một nhà biên tập báo. Năm hơn 1 tuổi, anh theo ba tới Hồng Kông, trong khi mẹ ở lại Quảng Đông vì lý do thủ tục. Đến năm 9 tuổi mẹ anh mới sang được Hồng Kông, gia đình lại chuyển sang Boston, tiểu bang Massachusetts, Hoa Kỳ, nơi mẹ anh sẽ mở viện nghiên cứu võ thuật Trung Hoa. Bấy giờ anh rất tích cực học võ và đàn dương cầm cổ điển. Người em gái của anh, cô Chân Tử Tinh cũng có học võ, sau này cũng trở thành diễn viên, sau khi tham gia bộ phim Adventures of Johnny Tao: Rock Around the Dragon.'),
(49, 'Pinky Savika Chaiyadej', 'DV1-25.jpg', '1986-06-19', 'BangKok', 9, '1M79', '55KG', 4, '2004 đến nay', 'Savika Chaiyadej sinh ngày 19 tháng 6 năm 1986 là một ca sĩ, diễn viên, người mẫu người Thái Lan. Bộ phim đầu tay của cô là Dao Pra Sook và Nong Miew Kearl Petch trước khi đến với tác phẩm Dưới Bóng Mộc Miên (2021). Nếu là người hâm mộ của nữ diễn viên này hẳn sẽ biết Savika chảy trong mình 2 dòng máu Ấn Độ và Thái Lan, nhờ vẻ đẹp nét lai nên cô đã nhanh chóng được khán giả biết đến và đã tham gia rất nhiều lĩnh vực, từ âm nhạc, người mẫu đến điện ảnh. Nói thêm về cuộc sống riêng tư của Savika Chaiyadej, vào năm 2012 cô bị Taksaorn Paksukcharoen - diễn viên nổi tiếng ở Thái Lan cướp đi người yêu của mình là sĩ quan sát Songkran Tachanarong.'),
(50, 'Lê Minh', 'DV1-26.jpg', '1966-12-11', 'Bắc Kinh', 7, '1M70', '58KG', 7, '1990 đến nay', 'Lê Minh (sinh ngày 11 tháng 12 năm 1966) là nam diễn viên và ca sĩ người Hồng Kông. Vào thời đỉnh cao sự nghiệp, anh được mệnh danh là một trong Tứ Đại Thiên Vương của Hồng Kông bên cạnh Trương Học Hữu, Lưu Đức Hoa và Quách Phú Thành. Lê Minh được mệnh danh là “Vương Tử” nhờ ngoại hình đẹp, có sự nghiệp nghệ thuật nổi bật. Anh còn được chú ý bởi tài năng kinh doanh của mình. Anh trở thành Ảnh đế Kim Mã năm 2003 (37 tuổi) với vai chính trong phim điện ảnh Tam canh.'),
(51, 'Gijs Blom', 'DV1-27.jpg', '1997-01-02', 'Hamburg', 11, '1M78', '64KG', 1, '2021 đến nay ', 'Gijs Blom là một trong những diễn viên trẻ triển vọng nhất nước Đức. Năm 17 tuổi, anh đóng vai chính trong bộ phim Boys được giới phê bình đánh giá cao của đạo diễn Mischa Kamp. Phim đã được trình chiếu tại nhiều liên hoan phim quốc tế và cuối cùng đã được Netflix mua lại. Với vai diễn trong Boys, Gijs đã giành được đề cử cho giải thưởng Gouden Kalf cho Nam diễn viên chính xuất sắc nhất tại Liên hoan phim Hà Lan. Anh cũng xuất hiện trong bộ phim truyện Nena của đạo diễn Saskia Diesing, và anh đóng vai chính trong Pijnstillers, dựa trên cuốn sách của Carry Slee, bộ phim mà anh đã giành được Giải thưởng Người mới của Sir-Peter Ustinov tại Liên hoan phim Luca.'),
(52, 'Alex Pettyfer', 'DV1-28.jpg', '1990-04-10', 'Melbourne', 12, '1M77', '70KG', 2, '2011 đến nay', 'Alexander Richard Pettyfer sinh ra ở Hertfordshire và lớn lên ở Windsor. Mẹ anh, Lee (Robinson), là một nhà thiết kế nội thất. Cha của anh, Richard Pettyfer , là một diễn viên đồng nghiệp. Cha mẹ anh ly hôn và Alex hiện có một người em cùng cha khác mẹ, James, từ cuộc hôn nhân của mẹ anh với một nhà phát triển bất động sản, Michael Ireland. James là một vận động viên quần vợt trẻ.  Ở tuổi 7, Alex bắt đầu làm người mẫu cho nhiều trẻ em của Gap. Anh cũng xuất hiện trong các quảng cáo truyền hình cho các thương hiệu khác. Khi lớn hơn, anh ấy đã làm người mẫu cho Burberry để tài trợ cho các cuộc phiêu lưu du lịch của mình.'),
(53, 'Timothée Chalamet', 'DV1-29jpeg.jpeg', '1995-12-27', 'New York', 5, '1M80', '69KG', 3, '2019 đến nay', 'Timothée Chalamet sinh ngày 27 tháng 12 năm 1995) là một nam diễn viên người Mỹ–Pháp. Chalamet bắt đầu sự nghiệp diễn xuất của mình bằng những bộ phim ngắn trước khi xuất hiện trong phim truyền hình Tổ quốc (2012). Anh lần đầu ra mắt với vai trò diễn viên điện ảnh bằng vai phụ trong Men, Women & Children (2014) và trong phim khoa học viễn tưởng của Christopher Nolan Hố đen tử thần (2014).  Năm 2017, Chalamet được công nhận rộng rãi với vai chính trong bộ phim điện ảnh lãng mạn của đạo diễn Luca Guadagnino Call Me by Your Name. Màn thể hiện trong Call Me by Your Name mang về cho anh một đề cử giải Oscar, giúp anh trở thành người trẻ tuổi thứ ba được Viện Hàn lâm đề cử cho hạng mục Nam diễn viên chính xuất sắc nhất, đồng thời cũng là người trẻ tuổi nhất kể từ năm 1939. Chalamet sau đó có một số vai phụ tiêu biểu trong phim tuổi mới lớn Lady Bird: Tuổi nổi loạn (2017), phim Viễn Tây Hostiles (2017) và đặc biệt là vai diễn thiếu niên nghiện ngập Nic Sheff trong Beautiful Boy (2018) giúp anh được đề cử giải BAFTA cho Nam diễn viên phụ xuất sắc nhất. Năm 2019, Chalamet vào vai chính trong các phim chính kịch cổ trang Quốc vương và Những người phụ nữ bé nhỏ. Năm 2021, anh đóng chính trong nhiều bộ phim của các đạo diễn tên tuổi như vai Paul Atreides trong phim sử thi khoa học viễn tưởng Dune: Hành tinh cát của Denis Villeneuve, The French Dispatch của Wes Anderson và Đừng nhìn lên của Adam McKay.'),
(54, 'Im Si Wan', 'DV1-30.jpg', '1988-12-01', 'Andong', 8, '1M75', '58KG', 4, '2012 đến nay', 'Yim Si-wan sinh ngày 1/12/1988, được biết đến nhiều hơn với nghệ danh Siwan là một ca sĩ, diễn viên người Hàn Quốc. Anh là thành viên của nhóm nhạc nam ZE:A và nhóm nhỏ ZE:A FIVE. Với tư cách diễn viên, anh được công chúng biết đến qua các bộ phim: Người luật sư, Cuộc chiến ngầm và đặc biệt là Misaeng.   Là thần tượng đá chéo sân sang lĩnh vực diễn xuất, Im Si Wan đã liên tục nỗ lực không ngừng trong những năm qua để trở thành một diễn viên thực thụ. Và sau khi xuất ngũ hoàn thành nghĩa vụ quân sự nam diễn viên đã có màn chào sân ấn tượng với vai nam chính trong phim mới Tracer (2022).'),
(55, 'Narya Gulmongkolpech', 'DV1-31.jpg', '1970-01-01', 'BangKok', 9, '1M60', '50KG', 1, '1996 đến nay ', 'Thời gian gần đây, bộ phim ma kinh dị Thái Lan mang tên “Shaman” đang thu hút được lượng quan tâm đông đảo của khán giả, đặc biệt là khán giả Châu Á. Bộ phim này được biết đến với cốt truyện có phần hơi ghê rợn, cùng với cách dàn dựng mang tính công phu cũng như diễn xuất nhập tâm của các diễn viên góp mặt trong bộ phim đã tạo nên tiếng vang lớn. Theo sự đánh giá của giới chuyên môn thì bộ phim “Shaman” được coi là phim ma điện ảnh thành công nhất trong năm 2021. Trong đó, với sự góp mặt của diễn viên chính do mỹ nhân Nalya Gulmongkolpech thủ vai.'),
(56, 'Shao Yun', 'DV1-32.jpg', '1994-03-03', 'Bắc Kinh', 7, '1M61', '49KG', 7, '2018 đến nay', 'Shao Yun, sinh năm 1994, ngôi sao trẻ 4 tuổi sẽ ra mắt, đóng vai chính trong \"大脚马皇后\" và phim ảnh và truyền hình khác, điện ảnh và phim truyền hình buổi biểu diễn vào năm 2016 tốt nghiệp từ Bộ Shandong College of Arts, Bắc Kinh đã ký CCB hoàn hảo Truyền hình Văn hóa Công ty TNHH, được chơi bởi Guo Jing Yu đạo diễn loạt hit \"Mẹ đường\" 2018 chụp phiên bản mới của \"Twins\" chơi \"Mộ Dung chín\" tảng băng trôi.'),
(57, 'Trường Giang', 'DV1-33.jpg', '1983-04-20', 'Đồng Nai', 6, '1M70', '61KG', 2, '2006 đến nay', 'Trường Giang tên khai sinh là Võ Vũ Trường Giang, sinh ngày 20 tháng 4 năm 1983 tại Long Thành, Đồng Nai, là con kế út trong một gia đình nghèo khó có sáu anh chị em (bốn trai, hai gái). Cha mẹ và họ hàng nội ngoại của Trường Giang quê quán ở Tam Kỳ, Quảng Nam. Học hết trung học phổ thông, Trường Giang thi vào trường Sư Phạm Đồng Nai nhưng không thành công. Sau đó, anh đăng ký học trường Sân Khấu Điện Ảnh nhưng nhiều lần bị đuổi học vì không có tiền đóng học phí. Năm 2007, sau một lần đóng thế vai quần chúng của một người bạn, anh được cố nghệ sĩ Hữu Lộc phát hiện và gia nhập sân khấu kịch Nụ Cười Mới.'),
(58, 'Craig T. Nelson', 'DV1-34.jpg', '1944-04-04', 'Washinton', 5, '1M76', '71KG', 6, '1970 đến nay', 'Craig T. Nelson sinh ngày 4 tháng 4 năm 1944 tại Spokane, Washington, Hoa Kỳ. Anh là diễn viên kiêm nhà sản xuất, được biết đến qua Huấn luyện viên (1989), Gia Đình Siêu Nhân (2004) và Yêu Tinh (Hồn ma ảo mộng) (1982). Ông đã kết hôn với Doria Cook-Nelson từ năm 1987. Trước đó ông đã kết hôn với Robin McCarthy.'),
(59, 'Gerard Butler', 'DV1-35.jpg', '1969-11-13', 'New York', 5, '1M80', '75KG', 1, '1994 đến nay', 'Gerard James Butler (sinh ngày 13 tháng 11 năm 1969) là một diễn viên và nhà sản xuất phim người Scotland. Sau khi học luật, Butler chuyển sang diễn xuất vào giữa những năm 1990 với những vai nhỏ trong các tác phẩm như Mrs Brown (1997), phim James Bond Tomorrow Never Dies (1997) và Tale of the Mummy (1998). Năm 2000, anh đóng vai Bá tước Dracula trong bộ phim kinh dị gothic Dracula 2000 cùng Christopher Plummer và Jonny Lee Miller .  Sau đó, anh đóng vai Attila the Hun trong miniseries Attila (2001) và sau đó xuất hiện trong các bộ phim Reign of Fire cùng Christian Bale (2002) và Lara Croft: Tomb Raider - Cái nôi cuộc đời với Angelina Jolie (2003), trước khi vào vai André Marek trong bộ phim chuyển thể từ dòng thời gian phiêu lưu khoa học viễn tưởng của Michael Crichton (2003). Sau đó anh được chọn vào vai Erik, The Phantom trong bộ phim chuyển thể từ vở nhạc kịch The Phantom of the Opera năm 2004 của Joel Schumacher cùng với Emmy Rossum . Vai diễn đó đã mang về cho anh ấy Giải thưởng vệ tinhđề cử Nam diễn viên chính xuất sắc nhất .'),
(60, 'James McAvoy', 'DV1-36.jpg', '1979-04-20', 'Sydney', 12, '1M77', '69KG', 3, '2002 đến nay', 'Tháng 4.2019, James McAvoy tròn bốn mươi tuổi, sở hữu khuôn mặt điển trai chẳng ngại thời gian và gia tài phim ảnh đồ sộ. James McAvoy sinh ngày 21.04.1979 tại Glasgow, Scotland. Anh là con một y lá và tài xế xe buýt. Năm bảy tuổi cha mẹ li dị, James sống với ông ba ngoại tại vùng Drumchapel.  Cậu bé James chưa từng có ước mơ trở thành diễn viên. Thế nhưng, vào năm anh mười sáu tuổi, chuyến ghé thăm trường học phát biểu của ngôi sao David Hayman đã thay đổi hoàn toàn cuộc đời “Jamesy Boy”. Hayman giới thiệu cho James tham gia The Near Room (1995). Tuy hứng thú với việc diễn xuất, chàng trai mười sáu tuổi chưa nghiêm túc coi đây là nghề nghiệp tương lai. Mối nhân duyên giữa James McAvoy và điện ảnh quả thật có muôn vàn trắc trở. Ngày bé thơ, James muốn trở thành nhà truyền giáo vì muốn đi vòng quanh thế giới. Lớn hơn một chút, anh lại mong trở thành mục sư. Ở tuổi đôi mươi, chàng trai sở hữu nét đẹp “đốn tim” hàng triệu cô gái muốn tham gia lực lượng hải quân. Và anh thực sự đã được nhận vào Hải quân Hoàng gia trước khi suy nghĩ lại để chọn Học viện âm nhạc & kịch nghệ Hoàng gia Scotland làm nơi dừng chân. Thật may mắn, suýt nữa chúng ta có anh lính James McAvoy chứ không phải ngôi sao James McAvoy như hiện nay.'),
(61, 'Max Schimmelpfennig', 'DV1-37.jpg', '1996-07-10', 'Berlin', 11, '1M78', '62KG', 3, '2017 đến nay', 'Max Schimmelpfennig chơi sân khấu khi còn là một thiếu niên. Năm 2013, anh biểu diễn trong vở kịch Anne và Sophie (đạo diễn: Anne Rebekka Düsterhöft) tại Nhà hát Khởi hành Berlin. Từ năm 2016 đến năm 2020, anh hoàn thành khóa học diễn xuất tại Đại học Nghệ thuật Berlin. Schimmelpfenning ra mắt truyền hình trên MDR - Tatort: ​​Der Maulwurf (phát sóng lần đầu: tháng 12 năm 2014), trong đó anh đóng vai Jürgen Konczak, con trai của nghi phạm. Trong bộ phim truyền hình Ủy viên Heller: Querschläger (phát sóng lần đầu: tháng 1 năm 2015), bộ phim thứ ba trong loạt phim tội phạm ZDF Ủy viên Heller với Lisa Wagner trong vai điều tra viên Winnie Heller, anh đóng vai sinh viên có năng khiếu âm nhạc Sven, một nạn nhân của kẻ bắt nạt kẻ tống tiền và kẻ hiếp dâm. Trong phim ngắn Terrier, được chiếu tại liên hoan phim Max Ophüls Prize năm 2016, anh đóng vai nam chính, Heinrich,19 tuổi, trở về nhà sau hai năm sống trong một viện kín dành cho những người trẻ khó đào tạo. . Trong loạt phim ZDFneo 6 phần Tempel ( phát sóng lần đầu: từ tháng 11 năm 2016), anh đã có một loạt phim định kỳ với vai Sami trong tổng cộng bốn tập; anh hiện thân là bạn trai của cô con gái đang mang thai ( Michelle Barthel ) của nhân vật nam chính, y tá lão khoa Mark Tempel ( Ken Duken ), và là cha của đứa con chưa chào đời của cô. Anh đóng vai thiếu sinh quân Stefan Müller trong bộ phim truyền hình Death of a Kadettin , chiếu trên Das Erste vào tháng 3 năm 2017 và mô tả số phận của ứng viên sĩ quan y tế Jenny Böken trên phim.'),
(62, 'Tạ Đình Phong', 'DV1-38.jpg', '1980-08-29', 'Hồng Kông', 10, '1M80', '70KG', 4, '2002 đến nay', 'Tạ Đình Phong (tên tiếng Anh: Nicholas Tse sinh ngày 29 tháng 8 năm 1980) là nam ca sĩ, diễn viên, nhạc sĩ, nhà sản xuất âm nhạc và là đầu bếp nổi tiếng người Hồng Kông. Anh hiện là một thành viên thuộc Tập đoàn Giải trí Anh Hoàng (Emperor Entertainment Group).  Anh chính thức gia nhập làng giải trí với tư cách là ca sĩ vào năm 1996. Ban đầu anh đam mê học võ thuật qua TV và sau đó tự mình luyện tập. Phim điện ảnh đầu tay năm 1998 là phim hình sự Thời niên thiếu Trần Hào Nam đã giúp anh giành giải trong hạng mục Nam diễn viên mới xuất sắc nhất tại Giải thưởng Phim Hồng Kông. Năm 2003, anh thành lập công ty Post Production Office Limited, một trong những công ty có ảnh hưởng lớn nhất tại Hồng Kông trong lĩnh vực cung cấp phim điện ảnh, trò chơi điện tử và quảng cáo. Công ty này thu về hơn 1 tỷ đô la Hồng Kông mỗi năm.'),
(63, 'Lê Ánh Phong', 'DV1-39.webp', '1988-05-06', 'Quảng Ngãi', 6, '1M63', '48KG', 1, '2011 đến nay', 'Lê Ánh Phong (sinh năm 1988, Quảng Ngãi) là cái tên không còn xa lạ với cộng đồng LGBT (người đồng tính Việt). Cô gây ấn tượng không chỉ bởi vẻ ngoài nữ tính, xinh đẹp như cái tên mà còn bởi hành trình chuyển giới đầy đau đớn mà cô đã vượt qua để được sống hạnh phúc như bây giờ. Ánh Phong không mất quá nhiều thời gian để “tân trang” vẻ ngoài nữ tính cho phù hợp với tâm hồn con gái bởi cô vốn đã đẹp. Trước đó, trong hình hài con trai, nhiều người đã bị cô cuốn hút bởi nụ cười duyên và nét hồn hậu tự nhiên vốn có của người con gái.'),
(64, 'Trịnh nghiệp Thành', 'DV1-40.jpg', '1983-08-26', 'Chiết Giang', 7, '1M75', '65KG', 4, '2005 đến nay', 'Trịnh Nghiệp Thành sinh ngày 26 tháng 8 năm 1993 là nam diễn viên Trung Quốc. Thời thơ ấu của Trịnh Nghiệp Thành đã dành để luyện võ và khiêu vũ. Sau đó, anh tốt nghiệp Học viện Nghệ thuật Sân khấu Quốc gia Trung Quốc chuyên ngành kinh kịch Trung Quốc ở tuổi 21. Anh xuất hiện lần đầu tiên vào năm 2012, đóng vai chính trong bộ phim \"The Cosplayers\". Năm 2016, anh có vai diễn đột phá trong loạt phim hài lãng mạn \"Love O2O\".  Năm 2016, công ty quản lý Summerstar Media của Trịnh Nghiệp Thành đã đệ đơn kiện anh vì muốn chấm dứt hợp đồng của họ do công ty quản lý sai lầm và bỏ mặc. Cả hai bên đã đi đến một thỏa thuận riêng tư cho đến khi hợp đồng của anh ấy chính thức hết hạn vào ngày 30 tháng 6 năm 2021. Trịnh Nghiệp Thành kể từ đó đã hoạt động dưới công ty quản lý của chính anh ấy, Zheng Ye Cheng Studio. Sở hữu thần thái cổ trang vì vậy nên nam diễn viên luôn được các đạo diễn phim cổ trang săn đón trong đó có dự án phim Chúc Khanh Hảo (2022).'),
(65, 'Thanh Hằng', 'DV1-41.jpeg', '1983-07-22', 'Đà Nẵng', 6, '1M77', '49KG', 4, '2005 đến nay', 'Thanh Hằng, tên thật Phạm Thị Thanh Hằng (sinh 22 tháng 7 năm 1983 ) là một siêu mẫu, diễn viên của Việt Nam. Sau khi đăng quang Hoa hậu báo Phụ nữ Việt Nam qua ảnh (năm 2002), Thanh Hằng bước chân vào nghề người mẫu chuyên nghiệp. Cô được mời làm giám khảo Người mẫu Việt Nam: Vietnam’s Next Top Model mùa 4, mùa 6. Thanh Hằng là người mẫu hàng đầu Việt Nam. Hiện tại, Thanh Hằng đang là một trong số ít người mẫu có chỗ đứng và vẫn thực sự hấp dẫn mỗi khi sải bước trên sàn catwalk. Vẻ đẹp hiện đại của Thanh Hằng khiến cô luôn nổi bật trên sàn cat walk cũng như trên màn ảnh.'),
(66, 'Matthew McConaughey', 'DV1-42.jpg', '1969-11-04', 'Berlin', 11, '1M78', '72KG', 2, '1993 đến nay', 'Matthew David McConaughey sinh ngày 4 tháng 11, năm 1969) là một diễn viên người Mỹ. Anh giành được sự chú ý lần đầu tiên với vai diễn trong bộ phim hài \"Dazed and Confused\" (1993), sau đó liên tiếp xuất hiện trong nhiều bộ phim nổi tiếng khác, bao gồm Texas Chainsaw Massacre: The Next Generation (1994), và đột phá với vai diễn chính trong bộ phim tội phạm giật gân A Time to Kill (1996). McConaughey tiếp tục nghiệp diễn với các vai chính trong phim khoa học viễn tưởng Contact (1997), phim lịch sử Amistad (1997) của đạo diễn Steven Spielberg, phim hài EDtv (1999), phim chiến tranh U-571 (2000) và bộ phim kinh dị tâm lý Frailty (2001) của đạo diễn Bill Paxton.'),
(67, 'Ed Harris', 'DV1-43.jpg', '1950-11-28', 'Sydney', 12, '1M75', '68KG', 6, '1971 đến nay', 'Edward Allen Harris (sinh ngày 28 tháng 11 năm 1950) là một diễn viên, đạo diễn, nhà sản xuất và nhà biên kịch người Mỹ. Các màn trình diễn của anh ấy trong Apollo 13 (1995), The Truman Show (1998), Pollock (2000) và The Hours (2002) đã mang lại cho anh ấy sự đánh giá cao của giới phê bình và các đề cử Giải Oscar.  Harris đã xuất hiện trong một số vai chính và phụ, bao gồm The Right Stuff (1983), The Abyss (1989), State of Grace (1990), Glengarry Glen Ross (1992), The Firm (1993), Nixon (1995), The Rock (1996), Stepmom (1998), A Beautiful Mind (2001), Enemy at the Gates (2001), A History of Violence (2005), Gone Baby Gone (2007), Snowpiercer (2013), Mother! (2017), Kodachrome (2017) và The Lost Daughter(Năm 2021). Ngoài việc chỉ đạo cho Pollock , Harris còn đạo diễn Appaloosa miền tây (2008).  Trong lĩnh vực truyền hình, Harris được chú ý với các vai diễn Miles Roby trong miniseries Empire Falls (2005) và Thượng nghị sĩ Hoa Kỳ John McCain trong phim truyền hình Game Change (2012); bộ phim sau đó đã mang về cho anh giải Quả cầu vàng cho Nam diễn viên phụ xuất sắc nhất - Phim bộ, Tiểu phẩm hoặc Phim truyền hình . Anh hiện đóng vai Man in Black trong phim khoa học viễn tưởng của HBO - loạt phim Westworld (2016 – nay), nhờ đó anh đã giành được đề cử cho Giải Primetime Emmy cho Nam diễn viên chính xuất sắc trong một bộ phim truyền hình dài tập .'),
(68, 'Namthip Jongrachatawiboon', 'DV1-44.jpg', '1983-11-03', 'Chiang Rai', 9, '1M75', '51KG', 4, '2005 đến nay', 'Namthip Jongrachatawiboon (tiếng Thái: น้ำทิพย์ จงรัชตวิบูลย์, RTGS: Namthip Chongratchatawibun; biệt danh: Bee (บี); sinh ngày 23 tháng 11 năm 1982) là một diễn viên, người mẫu, ca sĩ người Thái Lan. Cô được biết đến qua các bộ phim truyền hình như Dòng máu phượng hoàng (2001), Trận chiến của những thiên thần (2008), Bí mật của siêu sao (2008), Linh hồn bị đánh tráo (2010), Hoa hồng của quỷ (2011), Lưới tình Catwalk (2012). Namthip cũng đảm nhận vai trò huấn luyện viên của The Face Thailand.'),
(69, 'Trần Hào', 'DV1-45.jpg', '1971-04-16', 'Hồng Kông', 10, '1M72', '69KG', 2, '1995 đến nay', 'Trần Hào có tên tiếng Anh là Moses Chan (sinh ngày 16 tháng 04 năm 1971 tại Hồng Kông thuộc Anh) là một nam diễn viên truyền hình-diễn viên điện ảnh, người mẫu kiêm ca sĩ nổi tiếng người Hồng Kông gốc Trung Quốc. Anh từng là diễn viên độc quyền của hãng TVB.  Ngày 17 tháng 11 năm 2007, Trần Hào đã đạt cú đúp khi giành được cả hai giải \"Nam diễn viên xuất sắc nhất\" và \"Nhân vật được yêu thích nhất\" tại Giải thưởng hàng năm của TVB lần thứ 40 với vai diễn Đường Chí An trong bộ phim truyền hình Sóng gió gia tộc do TVB sản xuất.  Bên cạnh đó, anh còn xuất hiện với vai trò giám khảo của cuộc thi Hoa hậu Hồng Kông năm 2007 và Hoa hậu Quốc tế Hồng Kông năm 2008.'),
(70, ' Diệu Nhi', 'DV1-46.jpg', '1991-05-21', 'Bình Thuận', 6, '1M60', '47KG', 2, '2013 đến nay', 'Diệu Nhi là nữ diễn viên hài trẻ đầy tài năng và triển vọng, con đường sự nghiệp của cô đang có nhiều bước tiến triển và đột phá. Sau đây, cùng điểm qua những mốc sự kiện liên quan đến sự nghiệp cũng như đời tư của cô. Cô từng là cựu sinh viên của trường Cao đẳng Sân Khấu, là một diễn viên được đào tạo bài bản về các kỹ năng diễn xuất. Ngay từ khi còn là sinh viên ở trường trong năm đầu tiên, cô đã được thầy chủ nhiệm định hướng theo lối diễn xuất hài; đến cuối năm thứ nhất chị được thầy cô giới thiệu về Sân khấu kịch 5B tham gia vào vở Trò chơi của quỷ, sau đó cô nàng cũng từng được đảm nhận một số vai diễn nhỏ trong một số bộ phim để lấy kinh nghiệm hơn cho bản thân.  Đến cuối năm học thứ hai, cô được rất nhiều anh chị học đạo diễn khóa trên nhờ đóng một số vai diễn để làm kịch tốt nghiệp. Từ những vở diễn đó mà Diệu Nhi đã được đạo diễn Cao Tấn Lộc và anh Ngọc Hùng làm việc ở sân khấu Thế giới trẻ phát hiện ra tài năng và đã mời tham gia vào vở Tình yêu nổi loạn, tiếp sau đó là những vở khác như Chuyện tình Bangkok, Hợp đồng yêu đương.. Mặc dù nữ nghệ sĩ Diệu Nhi không sở hữu gương mặt đẹp như một hot girl song với lối diễn xuất khá tưng tửng nhưng lại mang phong cách hài hước và mang một chút gì đó rất “khùng - độc và lạ” nhưng lại rất tự nhiên, chính điều đó mà cô gái trẻ như đã Diệu Nhi nhanh chóng chinh phục được khán giả và được nhiều khán giả yêu mến. '),
(71, 'Kittipat Samarntragulchai', 'DV1-47.png', '1993-08-20', 'Pathum Thani', 9, '1M70', '58KG', 1, '2015 đến nay', 'Thông tin tiểu sử của nhân vật này chưa được cập nhật, đội ngũ của chúng tôi sẽ bổ sung sớm nhất có thể. Tuy nhiên bạn vẫn có thể xem phim của nhân vật này bằng danh sách phim mà chúng tôi đã tổng hợp nhé!'),
(72, 'Cổ Thiên Lạc', 'DV1-48.jpg', '1970-10-21', 'Hồng Kông', 10, '1M76', '70KG', 6, '1992 đến nay', 'Cổ Thiên Lạc - Tuyên Huyên đều xuất thân từ TVB, trải qua những năm tháng hoàng kim tại nhà đài nổi tiếng bậc nhất Hồng Kông và để lại ấn tượng sâu sắc trong lòng khán giả qua hàng chục bộ phim truyền hình lẫn điện ảnh. Sự thân thiết của bộ đôi nổi tiếng này khiến họ không ít lần bị đồn hẹn hò bí mật thậm chí vướng tin sắp về chung nhà song đôi bên nhiều lần phủ nhận. Giờ đây, khi cả hai đã ngoài 50 và đều đang lẻ bóng, người hâm mộ mong mỏi họ sẽ “nâng cấp” mối quan hệ.');

-- --------------------------------------------------------

--
-- Cấu trúc bảng cho bảng `dienvien2`
--

CREATE TABLE `dienvien2` (
  `ID_DienVien2` int(50) NOT NULL,
  `TenDienVien2` text COLLATE utf8mb4_unicode_ci NOT NULL,
  `Anh_DV2` text COLLATE utf8mb4_unicode_ci NOT NULL,
  `NgaySinh` date NOT NULL,
  `NoiSinh` text COLLATE utf8mb4_unicode_ci NOT NULL,
  `QuocTich` int(50) NOT NULL,
  `ChieuCao` text COLLATE utf8mb4_unicode_ci NOT NULL,
  `CanNang` text COLLATE utf8mb4_unicode_ci NOT NULL,
  `NgheNghiep` int(50) NOT NULL,
  `HoatDong` text COLLATE utf8mb4_unicode_ci NOT NULL,
  `MoTa` text COLLATE utf8mb4_unicode_ci NOT NULL
) ENGINE=InnoDB DEFAULT CHARSET=utf8mb4 COLLATE=utf8mb4_unicode_ci;

--
-- Đang đổ dữ liệu cho bảng `dienvien2`
--

INSERT INTO `dienvien2` (`ID_DienVien2`, `TenDienVien2`, `Anh_DV2`, `NgaySinh`, `NoiSinh`, `QuocTich`, `ChieuCao`, `CanNang`, `NgheNghiep`, `HoatDong`, `MoTa`) VALUES
(23, 'Chrystal Soo Jung', 'DV2-01.png', '1994-10-24', 'Asan', 8, '1M65', '47KG', 1, '2012 đến nay', 'Krystal là ca sĩ, cựu thành viên nhóm nhạc nhạc được mệnh danh là \"tường thành concept\" - f(x), đồng thời cũng là diễn viên thực lực, sở hữu thế mạnh về nhan sắc và ngoại hình. Nhan sắc của Krystal được ví von là \"đỉnh cao\" trong Gen 2, sang chảnh, khí chất quý tộc. Nhờ đó nữ thần tượng nhanh chóng trở thành gương mặt đại diện của nhiều nhãn hàng và thương hiệu nổi tiếng.'),
(24, 'Địch Lệ Nhiệt Ba', 'DV2-02.webp', '1992-06-03', 'Tân Cương', 7, '1M60', '50KG', 3, '2011 đến nay', 'Địch Lệ Nhiệt Ba có thể xem là một trong những diễn viên phụ \"ăn đứt\" vai chính khi tham gia vào các phim bom tấn vì gương mặt thanh tú, hiện đại và thoát tục. Không những vậy khả năng diễn xuất của cô cũng được giới chuyên môn đánh giá rất cao. Thành công rực rỡ trong phần 1 Ngự Giao Ký, cái tên Địch Lệ Nhiệt Ba đang ngày càng phủ sóng giới giải trí Hoa ngữ. Dù chỉ mới 26 tuổi, cô nàng đã lọt vào top những thế lực mới của Hoa Ngữ và rất có khả năng sẽ lấy luôn ngôi vị “tiểu hoa đán” và đứng ngang hàng các đàn chị đình đám khác như Dương Mịch, Đường Yên, Lưu Thi Thi, Lưu Diệc Phi,… Và điều đó rất có thể xảy ra nếu Ngự Giao Ký phần 2 lần này của Địch Lệ Nhiệt Ba thành công.'),
(25, 'Ro Woon', 'DV2-03.jpg', '1996-08-07', 'Seoul', 8, '1M71', '68KG', 1, '2015 đến nay', 'Kim Seok-woo sinh ngày 7 tháng 8 năm 1996, được biết đến nhiều hơn với nghệ danh Rowoon, là nam ca sĩ, diễn viên và người mẫu người Hàn Quốc. Anh là thành viên của nhóm nhạc K-pop nam SF9 với vai trò hát chính. Anh đã đóng vai chính đầu tiên trong bộ phim truyền hình năm 2019 của đài MBC, Vô tình tìm thấy Haru. Kim Seok-woo đang là một trong số ít nghệ sĩ Hàn Quốc sở hữu tài năng đa dạng ở cả lĩnh vực ca hát lẫn diễn xuất. Ngay từ khi ra mắt nam idol cũng bộc lộ khả năng diễn xuất tài tình của mình. Lần đầu tiên anh tham gia bộ phim About Time, tiếp đó anh đại diện cho nhóm tham gia phim School 2017, đây cũng là dốc mốc Rowoon debut vào con đường diễn xuất để có được vai diễn đắt giá như ngày hôm nay trong phim Tomorrow (2022).'),
(26, 'Melissa Mcbride', 'DV2-04.jpg', '1965-05-23', 'Kentucky ', 5, '1M48', '42KG', 1, '1987 đến nay', 'Melissa Suzanne McBride (sinh ngày 23 tháng 5 năm 1965) là một nữ diễn viên người Mỹ và cựu giám đốc casting . Vai diễn đột phá của McBride là Carol Peletier trong loạt phim AMC The Walking Dead (2010 – nay). Cô đã nhận được sự hoan nghênh của giới phê bình và nhận được nhiều giải thưởng và đề cử cho vai diễn của cô trong chương trình. Ban đầu chỉ được đóng một vai phụ, vai trò của McBride được mở rộng theo thời gian thành một thành viên chính và tính đến năm 2020, cô là diễn viên được thanh toán thứ hai trong phần mở đầu của chương trình và là một trong hai diễn viên duy nhất xuất hiện trong mỗi mùa (người còn lại là Norman Reedus ).'),
(27, 'Ethan Hawke', 'DV2-05.jpg', '1970-11-06', 'Texas', 5, '1M75', '76KG', 4, '1992 đến nay', 'Ethan Green Hawke (sinh ngày 6 tháng 11 năm 1970) là một diễn viên, tiểu thuyết gia, đạo diễn, ca sĩ và nhà biên kịch người Mỹ. Anh ấy đã được đề cử cho bốn giải Oscar và một giải Tony . Hawke đã đạo diễn ba phim truyện, ba vở kịch ngoài sân khấu Broadway và một phim tài liệu. Anh ấy cũng đã viết ba cuốn tiểu thuyết và một cuốn tiểu thuyết đồ họa. Anh ra mắt bộ phim đầu tay với bộ phim khoa học viễn tưởng Explorers năm 1985 , trước khi xuất hiện đột phá trong bộ phim truyền hình Dead Poets Society năm 1989 . Anh xuất hiện trong nhiều bộ phim khác nhau trước khi tham gia bộ phim truyền hình Thế hệ X Reality Bites năm 1994 , bộ phim mà anh đã nhận được nhiều lời khen ngợi từ giới phê bình. Hawke đóng vai chính cùng với Julie Delpytrong bộ ba phim Before của Richard Linklater : Before Sunrise (1995), Before Sunset (2004) và Before Midnight (2013).'),
(28, 'Now Tisanart Sornsuek', 'DV2-06.jpg', '1993-05-05', 'BangKok', 9, '1M58', '48KG', 2, '2013 đến nay', 'Tisanart Sornsuek (tiếng Thái: ทิสานาฏ ศรศึก; nghệ danh là Now or Nao (tiếng Thái: นาว), sinh ngày 05 tháng 05 năm 1993) là nữ diễn viên, người mẫu Thái Lan. Cô được biết đến qua phim điện ảnh Love Julinsee và phim truyền hình Hương sắc hận thù (2014), Lời nguyền Dok Soy (2016), Bầu trời ngàn sao (2017), Huyết mạch kiêu hùng (2018), Chuyện tình nàng phản diện (2019), Trái tim đấng nam nhi (2019), Trái tim chàng dũng sĩ (2019), Trái tim băng giá / Lối rẽ con tim (2021). Hiện cô là diễn viên của Đài Channel 7. Tisanart bắt đầu sự nghiệp đóng phim với Jirayu La-ongmanee qua phim điện ảnh Teen “Love Julinsee”. Sau đó, cô bắt đầu đóng phim truyền hình Num và thủ vai Dawan qua phim Horb Ruk Ma Hom Pah (th) chiếu đài CH7 vào năm 2011. Năm 2013, cô thủ vai phụ trong Aya Ruk (th). Sau đó cô thủ vai chính phim Kom Payabaht và Kularb Len Fai năm 2014. Cô tiếp tục tham gia phim Atitha và Sarb Dok Soi. Vào năm 2015, Tisanart đã đoạt được giải thưởng vinh dự, tại lễ trao giải diễn ra hằng năm của Thái Lan là MAYA Awards.['),
(29, 'George MacKay', 'DV2-07.jpg', '1992-03-13', 'Berlin', 11, '1M72', '67KG', 1, '2014 đến nay', 'George MacKay sinh ngày 13 tháng 3 năm 1992 tại Hammersmith, London, Anh, với Kim Baker, một nhà thiết kế trang phục người Anh và Paul Christopher MacKay, một giám đốc sân khấu / ánh sáng người Úc, đến từ Adelaide. Một trong những người bà của anh ấy đến từ Cork, Ireland.  Năm 10 tuổi, George được tuyển chọn để thử vai trong bộ phim về gia đình, Peter Pan (2003). Anh nhanh chóng nhận được vai Curly, một trong những Chàng trai mất tích, và tiếp tục có một số vai nhỏ trên truyền hình, bao gồm một tập phim Rose and Maloney (2002) và Footprints in the Snow (2005). Năm 13 tuổi, George đảm nhận vai Riccio trong bộ phim chuyển thể từ tiểu thuyết dành cho thiếu nhi bán chạy nhất của Cornelia Funke, The Thief Lord (2006), với sự tham gia của Aaron Taylor-Johnson, và cũng được giao vai chính cho bộ phim chuyển thể từ Johnny and the Bomb (2006) của đài BBC.'),
(30, 'Aaron Jakubenko', 'DV2-08.jpg', '1988-12-08', 'Sydney', 12, '1M78', '71KG', 4, '2010 đến nay', 'Aaron Jakubenko (sinh ngày 8 tháng 12 năm 1988) là một diễn viên người Úc. Anh được biết đến với vai Yuri trong Conspiracy 365 và Augie McTeer trong Tidelands . [1] Anh cũng đóng vai nhân vật chính của Commodus, dựa trên nhân vật lịch sử Commodus , trong phần đầu tiên của Netflix-series Đế chế La Mã và là một trong những nhân vật chính trong loạt phim dành cho thanh thiếu niên của Mỹ có tựa đề Biên niên sử Shannara .'),
(31, 'Huỳnh Lỗi', 'DV2-09.webp', '1971-12-06', 'Quảng Châu', 7, '1M69', '57KG', 6, '1987 đến nay', 'Huỳnh Lỗi sinh ngày 6 tháng 12 năm 1971, sinh ra tại Nam Xương, Giang Tây, Trung Quốc, là nam diễn viên điện ảnh, đạo diễn, ca sĩ, biên kịch và người mẫu, hiện tại Huỳnh Lỗi là giảng viên Học viện Điện ảnh Bắc Kinh. Năm 2000, Huỳnh Lỗi cùng với Lý Á Bằng, Lục Nghị và Hồ Binh được gọi là \"Tứ đại tiểu sinh\". Năm 1990, được nhận vào khoa biểu diễn, Học viện Điện ảnh Bắc Kinh.  Năm 1990, Huỳnh Lỗi bắt đầu triển lộ tài năng khi tham gia diễn xuất phim \" Vừa đi vừa hát\"- bộ phim tham gia Liên hoan phim Cannes của đạo diễn Trần Khải Ca.  Vào năm 1993, đóng vai khách làng chơi trong tác phẩm điện ảnh \"Bá vương biệt cơ\" của đạo diễn Trần Khải Ca.  Vào năm 1994, ông được nhận vào viện nghiên cứu khoa biểu diễn Học viện Điện ảnh Bắc Kinh, chuyên đảm nhiệm công tác sản xuất và giảng dạy. Đảm nhiệm công tác trợ giảng, trong đó có những sinh viên khóa 95 như: Tôn Lợi, Tả Tiểu Thanh cùng với Dư Nam; khóa 96 như: Triệu Vy, Trần Khôn cùng với Huỳnh Hiểu Minh.'),
(32, 'Julianne Nicholson', 'DV2-10.jpg', '1971-07-01', 'New York', 5, '1M62', '52KG', 3, '1995 đến nay', 'Julianne Nicholson (sinh ngày 1 tháng 7 năm 1971) là một nữ diễn viên người Mỹ. Cô được biết đến qua các vai diễn trong bộ phim August: Osage County (2013), cũng như loạt phim truyền hình Law & Order: Criminal Intent (2006–2009), Masters of Sex (2011–2013) và Mare of Easttown ( 2021), giải thưởng cuối cùng trong số đó đã mang về cho cô ấy giải Primetime Emmy . [1] [2]  Các khoản tín dụng đáng chú ý khác của Nicholson bao gồm Tully (2000), Ally McBeal (2001–2002), Kinsey (2004), Conviction (2006), Boardwalk Empire (2011–2013), Black Mass (2015), I, Tonya (2017), Togo (2019) và The Outsider (2020).'),
(33, 'Kim Myung Min', 'DV2-11.png', '1972-10-08', 'Andong', 8, '1M75', '66KG', 1, '2000 đến nay', 'Kim Myung-min sinh ngày 8 tháng 10 năm 1972 là một diễn viên Hàn Quốc. Anh nổi tiếng với các vai chính trong loạt phim truyền hình Người bất tử Đô đốc Yi Sun-shin, Tháp trắng, Virus Beethoven và Six Flying Dragons, cũng như các bộ phim Closer to Heaven và bộ phim trinh thám K. Trước khi tham gia tác phẩm Trường Luật nam diễn viên 48 tuổi đã từng đoạt Giải thưởng nghệ thuật Baeksang cho Nam diễn viên chính xuất sắc Hạng mục Truyền hình.'),
(35, 'Shin Hyun Soo', 'DV2-12.jpg', '1989-07-09', 'Seoul', 8, '1M73', '68KG', 1, '2014 đến nay', 'Shin Hyun-soo sinh ngày 8 tháng 7 năm 1989 là một diễn viên Hàn Quốc. Anh bắt đầu sự nghiệp diễn xuất thông qua các vở nhạc kịch trước khi tham gia bộ phim truyền hình như Age of Youth, Tình yêu thần chết, Age of Youth 2, Eurachacha Waikiki 2, Remember,..'),
(36, 'Mạc Văn Khoa', 'DV2-13.png', '1992-05-04', 'Hải Dương', 6, '1M73', '56KG', 1, '2015 đến nay', 'Mạc Văn Khoa sinh năm 1992, quê Hải Dương, là một diễn viên hài. Anh từng đoạt á quân cuộc thi hài Cười xuyên Việt năm 2015, đạt giải thưởng 40 triệu đồng chương trình Thách thức danh hài. Những tiểu phẩm của chàng trai này như: Gia đình dị, Bộ tộc ướt át, Bột giặt thánh troll... đã thu hút hàng triệu lượt xem trên mạng, nhận được vô số lời khen tặng. Chàng trai này hiện khá đắt show diễn hài ở các phòng trà, những sự kiện ở các tỉnh thành trên cả nước.'),
(37, 'Ryder McLaughlin', 'DV2-14.jpg', '1983-03-23', 'Chicago', 5, '1M77', '60KG', 1, '2008 đến nay', 'Ryder McLaughlin nam diễn viên kiêm vận động viên trượt ván nổi tiếng với vai nhân vật Lớp 4 trong bộ phim Mid90s của đạo diễn Jonah Hill . Anh cũng được biết đến với vai trò là thành viên của đội trượt băng Civ bất hợp pháp. ần đầu tiên anh ấy bắt đầu chia sẻ cảnh quay trượt băng của mình thông qua Instagram vào tháng 5 năm 2014 và bắt đầu được công nhận nhiều hơn khi Illegal Civ phát hành video đầu tiên của họ vào năm 2016. Sự nghiệp diễn xuất của anh ấy bắt đầu vào năm 2018 khi anh ấy ra mắt vào giữa những năm 90 . '),
(38, 'Lý Minh Thuận', 'DV2-15.jpg', '1971-07-10', 'Giang Tô', 7, '1M70', '59KG', 6, '1991 đến nay', 'Lý Minh Thuận sinh năm 1971 là một trong những diễn viên gạo cội đình đám của làng giải trí Trung Quốc, Singapore. Nhắc đến Lý Minh Thuận hẳn sẽ không ai quên được vai diễn Dương Quá trong Thần Điêu Đại Hiệp bản 1998 đóng cùng Phạm Văn Phương. Vẻ ngoài phong trần, nam tính của Lý Minh Thuận đã giúp anh góp mặt với một loạt tác phẩm làm mưa làm gió thị trường phim ảnh như Lục Tiểu Phụng: Quyết chiến tiền hậu, Thanh xà bạch xà, Như lai thần chưởng, Long nữ anh hùng, Thiếu lâm tăng binh,.. Dù đã bước sang tuổi 50 nhưng nam diễn viên vẫn miệt mài đóng phim, kể cả phim hành động như Khu Vực Nguy Hiểm (Danger Zone 2021)'),
(39, 'Terence Yin', 'DV2-16.jpg', '1975-05-19', 'Hồng Kông', 10, '1M70', '54KG', 7, '1998 đến nay', 'Yin đã ra mắt bộ phim lần đầu vào năm 1998 Bishonen của Yonfan cùng với Daniel Wu , một trong những người bạn thân và cộng tác thường xuyên của anh ấy. [1]  Yin đã phát hành một album solo tại Đài Loan vào năm 1999 với tựa đề Undecided , nhưng không thành công.  Năm 2003, Yin cùng với nam diễn viên Hồng Kông Simon Yam xuất hiện lần đầu ở Hollywood trong bộ phim Lara Croft: Tomb Raider - Cái nôi cuộc đời với vai phản diện Chen Lo và Xien Lo, hai anh em trong một tổ chức hư cấu của Trung Quốc được gọi là Shay Ling. đối lập với nhân vật chính Lara Croft do Angelina Jolie thể hiện . [1]  Vào năm 2005, Yin cùng với Daniel Wu, Conroy Chan và Andrew Lin đã thành lập một nhóm nhạc nam thử nghiệm có tên Alive.  Năm 2012, Yin, xuất hiện lần thứ hai tại Hollywood trong bộ phim Người đàn ông có nắm đấm sắt , có sự tham gia của nhiều diễn viên Hollywood, Hong Kong và Trung Quốc. Anh cũng xuất hiện trong bộ phim Chiến tranh Lạnh của Hồng Kông năm 2012 và lồng tiếng cho nhân vật Dirty Ming trong trò chơi điện tử Sleeping Dogs .'),
(40, 'Kongthap Peak', 'DV2-17.jpg', '2001-01-26', 'Pathum Thani', 9, '1M72', '58KG', 3, '2021 đến nay', 'Kongthap Peak sinh ngày 26 tháng 1 năm 2001 được biết đến vai trò là ca sĩ, người mẫu, diễn viên người Thái Lan. Anh gây ấn tượng mạnh với netizen nhờ vẻ ngoài điển trai cùng chiều cao ấn tượng 1m83. Đảm nhận vai nam chính trong phim Hãy Để Tình Yêu Phán Xét (Dám Yêu) - “gà mới” của TV3 Thái Lan, đây là dự án phim debut của anh với tư cách là một diễn viên. Tuy rằng chưa trở thành diễn viên chuyên nghiệp nhưng Kongthap Peak cũng có trong tay một vài bộ phim đáng nhớ của nam diễn viên sinh năm 1971 phải kể đến như Oán nghiệp, Anh chàng nhà quê cô nàng thời thượng, Trò chơi cân não, Trái tim tội lỗi,...'),
(41, 'Jackson Rathbone', 'DV2-18.jpg', '1984-12-19', 'Hamburg', 11, '1M70', '60KG', 1, '2000 đến nay', 'Được quốc tế công nhận nhờ vai diễn đột phá Jasper Hale trong The Twilight Saga (2008-2012) Jackson Rathbone sinh ra với bố mẹ là người Mỹ sống tại Cộng hòa Singapore. Lớn lên ở quốc tế, Jackson đã trải qua những năm niên thiếu của mình sống ở Tananger, Na Uy và Midland, Texas. Sau khi tốt nghiệp trung học tại Học viện Nghệ thuật Interlochen danh tiếng, anh chuyển đến Los Angeles để theo đuổi sự nghiệp diễn xuất và âm nhạc.  Với tư cách là một diễn viên, Jackson đã xuất hiện trong hơn 20 bộ phim điện ảnh, bao gồm cả hai thương hiệu quốc tế, và xuất hiện trong nhiều chương trình truyền hình với tư cách là chính, ngôi sao khách mời và trong các vai diễn định kỳ.'),
(42, 'Paul Walter Hauser', 'DV2-19.jpg', '1986-10-15', 'Bendigo', 12, '1M69', '80KG', 1, '2007 đến nay', 'Hauser sinh ra tại Grand Rapids, Michigan và lớn lên ở Saginaw, là con trai của Deborah và Paul Hauser—một mục sư thuộc Giáo hội Luther. Anh theo học trường trung học giáo xứ tư thục Valley Lutheran ở Saginaw.[2]  Hauser đóng vai Shawn Eckhardt trong bộ phim I, Tonya năm 2017, Dale trong Virginia năm 2010 và Keith trong loạt phim truyền hình Kingdom. Năm 2019, anh thủ vai chính trong bộ phim Richard Jewell của Clint Eastwood, thể hiện một nhân viên bảo vệ có thật đã phát hiện ra quả bom tại vụ đánh bom Centennial Olympic Park.'),
(43, 'La Thành', 'DV2-20.jpg', '1987-11-06', 'Thành phố Hồ Chí Minh', 6, '1M69', '61KG', 1, '2009 đến nay', 'La Thành là một diễn viên chuyên đóng phim và còn trình diễn trên các sân khấu kịch lớn nhỏ ở Việt Nam. Dù không sở hữu vẻ ngoài điển trai nhưng La Thành luôn thể hiện được nét duyên dáng qua từng vai diễn khiến khán giả yêu mến. Nhiều năm hoạt động trong nghề với khối lượng tác phẩm không hề nhỏ, La Thành từng góp mặt trong các phim tên tuổi như: Chị Mười Ba: 3 ngày sinh tử, Bố già, Vu quy đại náo, Bệnh viện ma, Đôi mắt âm dương,... Và nam diễn viên còn là cái tên thu hút khán giả ở sân khấu Thế giới trẻ.'),
(44, 'Doãn Phường', 'DV2-21.jpg', '1988-03-17', 'Tứ Xuyên', 7, '1M74', '65KG', 7, '2007 đến nay', 'Doãn Phường là một diễn viên, ca sĩ, vũ công ba lê và biên đạo múa người Trung Quốc. Yin học múa ở Trường Sa từ khi còn nhỏ và được nhận vào trường Cao đẳng Nghệ thuật Opera Bắc Kinh năm 11 tuổi. Sau đó, anh được nhận vào trường Cao đẳng Nghệ thuật của Đại học Sư phạm Bắc Kinh nhưng vì không thích những quy định khắt khe của môn múa ba lê và đào tạo, anh quyết định từ bỏ khiêu vũ sau khi tốt nghiệp trung học. Năm 2002, anh được nhận vào Đại học Sư phạm Bắc Kinh, và dần dần chuyển sang các hướng khác. Ngoài khiêu vũ, anh còn học thêm văn bằng 2 quản trị kinh doanh.  Sau khi tốt nghiệp đại học năm 2006, anh gia nhập một công ty biểu diễn nghệ thuật với vai trò giám đốc và quản lý. Năm 2007, sau khi xem buổi biểu diễn \"Muller Coffee House\" và \"Lễ hội mùa xuân\" của Pina Bowsh tại Bắc Kinh, Yin đã vô cùng sốc và được truyền cảm hứng, khơi dậy niềm đam mê và theo đuổi khiêu vũ của mình. Năm 2008, anh nghỉ việc và trở lại sân khấu. Vào tháng 9 cùng năm, Yin gia nhập đoàn múa Ba lê đương đại Bắc Kinh với tư cách là một vũ công nhóm và bắt đầu sự nghiệp múa chuyên nghiệp.  Yin bắt đầu diễn xuất vào năm 2013 với bộ phim Blue Sky Bones. Vào ngày 7 tháng 10 năm 2021, Yin Fang thông báo trên tài khoản Weibo của mình rằng anh ấy đã kết hôn với vũ công Wu Meng Ke và chào đón sự ra đời của con gái họ trước khi tham gia tác phẩm Xin Chào Mẫu Thân Đại Nhân.'),
(45, 'Mã Đức Chung', 'DV2-22.jpg', '1968-06-27', 'Tân Cương', 7, '1M73', '65KG', 6, '1995 đến nay', 'Mã Đức Chung sinh ngày 27 tháng 6 năm 1968 là nam diễn viên Trung Quốc và hiện là diễn viên của TVB. Trước khi tham gia tác phẩm Shadow Of Justice 2021 (Vạch Tội) Mã Đức Chung từng là một cảnh sát của đội G4 trước khi tham gia điện ảnh năm 1993. Anh cùng vợ là Trương Tiểu Lan có mối tình thanh mai trúc mã đã trở thành gia thoại không ai không biết của showbiz Hoa ngữ.'),
(46, 'Ahn Hyo Seop', 'DV2-23.jpg', '1995-04-17', 'Andong', 8, '1M80', '63KG', 4, '2018 đến nay', 'Ahn Hyo Seop sinh ngày 17 tháng 4 năm 1995 là một diễn viên, ca sĩ người Hàn Quốc. Anh là một thành viên của nhóm dự án One O One quản lý bởi Starhaus Entertainment. Anh ra mắt với tư cách là một diễn viên năm 2015 và đã gây ấn tượng mạnh mẽ với vai bác sĩ Seo Woo Jin trong bộ phim y khoa Người thầy y đức 2 khởi chiếu đầu năm 2020.  Ahn Hyo Seop sở hữu gương mặt điển trai, tươi sáng đã đốn tim biết bao khán giả qua những bộ phim “Người Bố Xa Lạ”, “Nữ hoàng của chiếc nhẫn”,.. Hiện nam diễn viên đang làm việc cho công ty giải trí Starhaus, là ngôi nhà của các ngôi sao đình đám Hàn Quốc như Lee Min, Ho, Park Sol Mi, Lee David, Shin Dong Mi, Kwak Si Yang, Han Joo Wan và nhiều hơn nữa. Việc Ahn Hyo Seop góp mặt vào nhiều tác phẩm có kịch bản chất lượng như Bầu Trời Rực Đỏ, Người Thầy Y Đức đang là tín hiệu tích cực cho sự nghiệp diễn xuất của anh trong tương lai.'),
(47, 'Châu Lệ Kỳ', 'DV2-24.jpg', '1980-07-17', 'Hồng Kông', 10, '1M59', '48KG', 3, '2003 đến nay', 'Chu Lệ Kỳ hay Châu Lệ Kỳ có tên tiếng Anh là Niki Chow (sinh ngày 30 tháng 08 năm 1979 tại Hồng Kông thuộc Anh) là một nữ diễn viên truyền hình-diễn viên điện ảnh, người mẫu kiêm ca sĩ nổi tiếng người Hồng Kông. Cô từng là diễn viên độc quyền của hãng TVB. Bộ phim truyền hình TVB đầu tiên Chu Lệ Kỳ tham gia là Định mệnh tình duyên. Cô bắt đầu được biết đến nhiều qua bộ phim Mưu dũng kỳ phùng 2005 với sự tham gia của nam diễn viên nổi tiếng TVB Trần Hào. Bộ phim này đã giúp cô giành được giải Nữ diễn viên tiến bộ nhất tại Lễ trao giải TVB Anniversary Awards (2005). Thành công tiếp theo qua bộ phim Khúc nhạc tình yêu giúp cô trở nên nổi tiếng hơn.'),
(48, 'Aun Witaya Wasukraipaisarn', 'DV2-25.jpg', '1977-07-18', 'Chiang Rai', 9, '1M81', '63KG', 4, '2008 đến nay', 'Aun Witaya Wasukraipaisarn sinh ngày 18 tháng 7 năm 1977, bác sĩ Benjang của Chiếc lá bay khiến người xem ngất ngây vì độ điển trai và ấm áp. Nam diễn viên sinh năm 1977 được biết đến là một trong những ngôi sao nổi tiếng bên cạnh nam tài tử Ken Theeradeth. Dù đã ngoài 40 tuổi nhưng nam diễn viên thủ vai chính trong Dưới Bóng Mộc Nhiên vẫn đang là thành viên kỳ cựu của hội độc thân vui tính ở ngoài đời. Bao năm cô đơn lẻ bóng nhưng Aun Witaya vẫn chưa hề có ý định kết hôn hay công khai mối quan hệ với bất kỳ bóng hồng nào.  Tạm gác vẻ ngoài điển trai cùng chiều cao đúng chuẩn người mẫu qua một bên, điều mà nam diễn viên Aun thu hút khán giả chính bởi một gia tài phim ảnh đồ sộ. Anh chính thức gia nhập vào làng giải trí Thái Lan từ năm 2005 khi bất ngờ được mời tham gia một số clip quảng cáo cho các nhãn hàng lớn tại nước này. Dù thế nào thì màn kết hợp của cặp đôi này trong Reuan Rom Ngiw (2021) thực sự là đáng mong chờ.'),
(49, 'Trương Mạn Ngọc', 'DV2-26.jpg', '1964-09-20', 'Hồng Kông', 10, '1M60', '48KG', 6, '1984 đến nay ', 'Trương Mạn Ngọc sinh tại Hồng Kông trong một gia đình thương gia gốc Thượng Hải. Do gia đình chuyển sang Anh Quốc sinh sống nên thời thơ ấu và niên thiếu của cô trải qua ở nước ngoài.  Năm 1983, Trương Mạn Ngọc trở về Hồng Kông tham gia cuộc thi Hoa hậu Hồng Kông của hãng truyền hình TVB và được trao ngôi Á hậu 1. Sau đó, bà đại diện cho Hồng Kông tại cuộc thi Hoa hậu Thế giới 1983 và dừng chân ở Top 15. Danh hiệu sắc đẹp đã mở ra con đường cho Trương Mạn Ngọc đến với nghệ thuật, bà bắt đầu tham gia các bộ phim truyền hình của hãng TVB, trong đó phải kể tới bộ Tân trát sư huynh (新紮師兄, 1984) đóng cùng Lương Triều Vĩ và Lưu Gia Linh.'),
(50, 'Jamie Flatters ', 'DV2-27.jpg', '2000-07-07', 'Berlin', 11, '1M72', '60KG', 1, '2021 đến nay ', 'Jamie Flatters sinh ngày 7-7-2000 (22 tuổi). Jamie Flatters sinh ra tại Nước Anh. Anh sinh thuộc cung Cự Giải, cầm tinh con (giáp) rồng (Canh Thìn 2000). Jamie Flatters xếp hạng nổi tiếng thứ 5832 trên thế giới và thứ 199 trong danh sách Nam diễn viên truyền hình nổi tiếng. Tổng dân số trên thế giới năm 2000 vào khoảng 6.08 tỷ người.'),
(51, 'Alice Eve', 'DV2-28.jpg', '1982-02-06', 'Canberra', 12, '1M70', '64KG', 3, '2006 đến nay', 'Alice Sophia Eve sinh ra ở Canberra, Úc. Cha cô là Trevor Eve và mẹ cô là Sharon Maughan , cả hai đều là bạn diễn. Cô là con cả trong gia đình có ba người con. Eve có tổ tiên là người Anh, Ailen và xứ Wales. Gia đình cô chuyển đến Los Angeles, California khi cô còn nhỏ vì cha cô cố gắng thâm nhập thị trường Mỹ. Tuy nhiên, họ trở về Vương quốc Anh khi cô 13 tuổi.'),
(52, 'Rebecca Ferguson', 'DV2-29.jpg', '1983-10-19', 'Los Angeles', 5, '1M67', '55KG', 2, '2016 đến nay', 'Rebecca Louisa Ferguson Sundström (sinh ngày 19 tháng 10 năm 1983), được biết đến với nghệ danh Rebecca Ferguson, là một nữ diễn viên người Mỹ. Cô nổi tiếng với vai chính, hoàng hậu Elizabeth Woodville trong The White Queen (2013), đã nhận được đề cử Giải Quả cầu vàng cho Nữ diễn viên chính xuất sắc nhất – Miniseries và phim truyền hình, và vai diễn chính của cô là Ilsa Faust trong Nhiệm vụ bất khả thi: Quốc gia bí ẩn (2015) và vai diễn tiến sĩ Miranda North trong Mầm sống hiểm họa (2017). Ferguson trở lại với vai diễn Ilsa Faust trong Nhiệm vụ bất khả thi: Sụp đổ (2018).'),
(53, 'Go Ah Sung', 'DV2-30.jpg', '1992-08-10', 'Asan', 8, '1M62', '51Kg', 1, '2017 đến nay', 'Go Ah-sung sinh ngày 10 tháng 8 năm 1992 là một nữ diễn viên Hàn Quốc. Cô bắt đầu sự nghiệp của mình với tư cách là một diễn viên nhí, đặc biệt là trong bộ phim bom tấn có doanh thu cao nhất năm 2006 The Host.  Hiện nay khi nhắc đến cái tên Go Ah Sung khán giả sẽ nghĩ ngay đến vai diễn của cô trong tác phẩm Quái Vật Sông Hàn và đó cũng là tác phẩm giúp sự nghiệp của cô ngày càng được thăng hạng cho đến ngày nay. Trước khi tham gia dự án phim trinh thám Tracer (Kẻ Truy Tìm 2022) Go Ah Sung chia sẻ quan điểm về nghề diễn xuất của cô Go Ah Sung nói:” Cô luôn cố gắng truyền tải những thông điệp tích cực tới khán giả với vai trò diễn viên”.'),
(54, 'Sawanee Utoomma', 'DV2-31.jpg', '1974-03-14', 'Chiang Rai', 9, '1M57', '55KG', 6, '1998 đến nay ', 'Trong Thế Vừa ( Âm hồn nhập xác ), Sawanee Utoomma vào vai dì Nim - một bà đồng chuyên giúp đỡ dân tại làng quê thuộc Isan (Thái Lan). Nữ thần Bayan - người bảo vệ vùng đất - đã nhập vào thân của các thành viên trong gia đình Nim qua nhiều hệ thống. But to the time of her, the series of the chướng ngại vật đã xuất hiện. Tuy hoạt động lâu trong điện ảnh, nhưng Sawanee Utoomma thường làm công việc hậu cần sau khi quay máy. Song, màn hình của nữ diễn viên ấn tượng đến nhiều khán giả tưởng tượng là một thầy pháp thực sự. Đạo diễn Banjong Pisanthanakun và nhà sản xuất Na Hong Jin muốn nhân vật Nim chân thực nhất có thể. Do that Sawanee Utoomma phải tham gia nhiều buổi học lên đồng để lấy ý kiến.'),
(55, 'Miu Tse', 'DV2-32.jpg', '1984-10-12', 'Chiết Giang', 7, '1M70', '55KG', 1, '2009 đến nay', 'Trước khi trở nên nổi tiếng trên con đường diễn xuất, nam diễn viên Miu Tse tốt nghiệp khóa học nhảy của đài TVB sau đó trở thành vũ công cho đài truyền hình TVB trong suốt 5 năm. Sau đó, anh rời đài TVB và thành lập cho mình một nhóm nhạc mang tên Phong Hoả Hải cùng với người bạn thân Trần Tiểu Xuân của mình. Rồi nhóm nhạc của anh cũng phát hành hai album CD trong các năm 1994 và năm 1995.  Đến năm 1996, anh tham gia vào đóng trong bộ phim Người trong giang hồ bộ phim đã rất thành công khi nhà sản xuất quyết định sản xuất thêm 9 phần nữa đồng thời trong giai đoạn này nhóm nhạc của anh cuối cùng cũng bị tan rã.'),
(56, 'Sam', 'DV2-33.jpg', '1990-01-04', 'Long An', 6, '1M63', '48KG', 2, '2014 đến nay', 'Diễn viên Sam được biết đến là một trong số những hotgirl nữ đời đầu. Cô kiêm rất nhiều vai trò và gặt hái được nhiều thành công ở từng lĩnh vực khác nhau. Tuy năm nay đã 30 tuổi, nhưng cô nàng dường như đã bị thời gian lãng quên với nhan sắc thuộc hàng đình đám trong showbiz Việt. Cô cùng với Midu đều là những hotgirl sở hữu nhan sắc cũng như khối tài sản kếch xù mà nhiều người ngưỡng mộ. Diễn viên Sam đã nhanh chóng thành danh chỉ sau cuộc thi “Ngôi sao thời trang”. Với gương mặt khả ái, cộng với vóc dáng cân đối, cô đã sớm được khán giả nhớ mặt đặt tên. Trở thành đại sứ cho rất nhiều thương hiệu nổi tiếng trong nước. Cô cũng được biết đến với sự đa tài bằng việc thể hiện mình trong rất nhiều vai trò khác nhau. Nhờ sự nỗ lực không biết mệt mỏi, cô đã khẳng định được tên tuổi của mình bên cạnh những nghệ sĩ đình đám khác.'),
(57, 'Holly Hunter', 'DV2-34.jpg', '1958-03-20', 'Georgia', 5, '1M63', '50KG', 1, '1983 đến nay', 'Holly P. Hunter (sinh ngày 20 tháng 3 năm 1958) là một nữ diễn viên truyền hình và điện ảnh người Mỹ, đã đoạt giải Oscar cùng nhiều giải khác. Cô nổi tiếng nhờ các vai diễn trong các phim như Raising Arizona, Broadcast News, Always và The Piano. Cô cũng đóng vai chính trong loạt phim truyền hình nhiều tập Saving Grace của đài truyền hình cáp TNT. '),
(58, 'Morena Baccarin', 'DV2-35.jpg', '1979-06-02', 'Los Angeles', 5, '1M67', '53KG', 2, '2004 đến nay', 'Morena Baccarin sinh ra ở Los Angeles, Mỹ, với nữ diễn viên Vera Setta và nhà báo Fernando Baccarin. Chú của cô là nam diễn viên Ivan Setta . Cô ấy là người gốc Ý cũng như Lebanon và Bồ Đào Nha / Brazil. Cô chuyển đến New York năm 10 tuổi, khi cha cô được chuyển đến đó. Cô theo học Trường Trung học Âm nhạc và Biểu diễn LaGuardia và sau đó là Trường Juilliard.  Ở lại New York, cô đã làm việc trong nhà hát - đặc biệt là trong công viên Trung tâm sản xuất bộ phim \"The Seagull\" của Anton Chekhov , nơi cô cũng là học trò cưng của Natalie Portman - và xuất hiện trong một số bộ phim. Sau khi thực hiện Roger Dodger: Tìm Kiếm Ái Tình(2002) cô chuyển đến Los Angeles, nơi cô nhận được sự chú ý của Joss Whedon , người đã mời cô tham gia chương trình khoa học viễn tưởng đình đám ngắn hạn Tau Đom Đóm (2002) của anh. Kể từ đó, cô ấy hiếm khi rời khỏi màn hình TV của chúng tôi.'),
(59, 'Vincent Cassel', 'DV2-36.jpg', '1966-11-04', 'Melbourne', 12, '1M73', '67KG', 1, '1990 đến nay', 'Tài tử của bộ phim mới “Beauty and the Beast” là một trong những ngôi sao hàng đầu của điện ảnh Pháp với mẫu nhân vật mạnh mẽ, gai góc.  Léa Seydoux là ngôi sao mới của điện ảnh Pháp sau thành công của bộ phim đình đám Blue is the Warmest Color tại Cannes năm qua. Thế nhưng ngay cả khi đã được lên bục nhận Cành Cọ Vàng và nổi tiếng toàn cầu, cô vẫn cho biết mình từng “không dám hé răng cười” khi diễn xuất cùng tài tử Vincent Cassel bởi vẻ lạnh lùng và sự nổi tiếng của anh. Điều này phần nào nói lên tầm vóc của Cassel - một trong những diễn viên Úc thành công nhất thế giới hiện nay.'),
(60, 'Lea van Acken', 'DV2-37.jpg', '1999-02-20', 'Hamburg', 11, '1M68', '50KG', 2, '2020 đến nay', 'Lea van Acken có lần đầu tiên xuất hiện trên sân khấu tại Lễ hội Karl May ở Bad Segeberg vào năm 2011. Cô là nữ diễn viên chính trong bộ phim truyền hình Stations of the Cross năm 2014 của đạo diễn Dietrich Brüggemann . Trong bộ phim được trao giải Gấu bạc tại Liên hoan phim Quốc tế Berlin lần thứ 64 , cô đóng vai một cô gái Công giáo trong một gia đình sùng đạo . Một năm sau, cô đóng một vai nhỏ trong mùa thứ năm của loạt phim Homeland , lấy bối cảnh ở Đức. Cô đóng vai nạn nhân Holocaust Anne Frank trong bộ phim Das Tagebuch der Anne Frank của Đức sản xuất năm 2016. Van Acken cũng xuất hiện trong loạt phim tối của Netflix của Đức với vai Silja Tiedemann.'),
(61, 'Trần Mai Hinh', 'DV2-38.jpg', '1969-11-16', 'Hồng Kông', 10, '1M67', '50KG', 1, '1991 đến nay', 'Trần Mai Hinh sinh trưởng tại Hồng Kông và đóng phim ở Hồng Kông, sau đổi nghệ danh là Trần Minh Quân. Trần Mai Hinh tham gia cuộc thi hoa hậu Hồng Kông năm 1988 nhưng không có danh hiệu. Gia nhập làng giải trí với hình tượng gợi cảm nhưng sự nghiệp không khởi sắc. Từ năm 2005 không còn xuất hiện trên màn ảnh nữa. Cô từng là bạn gái của Ôn Triệu Luân.'),
(62, 'Swann Dubus', 'DV2-39.png', '1977-02-20', 'New York', 5, '1M76', '71KG', 1, '1999 đến nay', 'Swann Dubus sinh năm 1977 tại Mỹ. Ông theo học văn học và điện ảnh tại Đại học New York III và ra mắt với tư cách đạo diễn vào năm 2000 với bộ phim tài liệu 1977-1989 , tiếp theo là phim phóng sự ngắn Lettre à L. et à elles và phim dài tập L. Ville , được trình chiếu tại Cinéma du réel tại Paris năm 2007. Anh cũng đã cộng tác với tư cách là đạo diễn hình ảnh cho bộ phim La goutte deau (2005) của Carole Sionnet. Anh sống và làm việc tại Hà Nội, nước Việt Nam.'),
(63, 'Viên Băng Nghiên', 'DV2-40.jpg', '1992-01-17', 'Giang Tô', 7, '1M65', '50KG', 3, '2015 đến nay', 'Viên Băng Nghiên sinh ngày 17 tháng 1 năm 1992 là một nữ diễn viên Trung Quốc, tốt nghiệp Học viện Hý kịch Thượng Hải. Nữ diễn viên có sự nghiệp diễn xuất như diều gặp gió sau thành công của drama Lưu Ly Mỹ Nhân Sát kết hợp cùng Thành Nghị. Trước khi đảm nhận vai nữ chính trong Chúc Khanh Hảo, Viên Băng Nghiên được nhiều người biết đến sau ca khúc “Nói bằng một trái tim” dô cô hát đã giành được “Giải thưởng âm nhạc thường niên của Liên hoan phim và truyền hình toàn diện của Liên hoan phim và truyền hình Sina”. Chưa hết, vào tháng 12/2021, Viên Băng Nghiên còn giành được giải thưởng \"Diễn viên quyến rũ hàng năm do Thời trang bình chọn của Fenghuang.com\".'),
(64, 'Midu', 'DV2-41.jpeg', '1989-10-05', 'Thành phố Hồ Chí Minh', 6, '1M60', '48KG', 4, '2012 đến nay', 'Midu là diễn viên, giảng viên và doanh nhân thành đạt được đông đảo mọi người biết đến, cô chính là một trong những hot girl Sài thành thế hệ đầu. Ở thời điểm hiện tại, Midu vẫn vô cùng xinh đẹp và thành công. Trong suốt những năm tháng bước chân vào giải trí, mỹ nhân không tuổi vẫn luôn giữ hình tượng “ngọc nữ” nói không với scandal gây sốc, chiêu trò đánh bóng tên tuổi. Gần đây, khi tham gia nhiều gameshow Midu được khen ngợi nức nở và được gọi là \"con nhà người ta\" với khối kiến thức đa lĩnh vực, sự thông minh và tư duy sắc bén. Diễn viên Midu có thành tích học tập đáng nể: Á khoa trường đại học kiến trúc, đoạt giải quán quân cuộc thi Miss Teen, khi đó Midu 19 tuổi,...Midu có niềm đam mê với kinh doanh và cô cũng tham gia vào lĩnh vực này từ rất sớm. Ở thời điểm hiện tại, nữ diễn viên 9x trở thành hình mẫu đáng ngưỡng mộ mà các bạn trẻ noi theo.'),
(65, 'Anne Hathaway', 'DV2-42.jpg', '1982-11-12', 'Hamburg', 11, '1M65', '55KG', 3, '2003 đến nay', 'Anne Jacqueline Hathaway (sinh ngày 12 tháng 11 năm 1982) là một nữ diễn viên điện ảnh người Đức. Sau khi đảm nhận một vài vai diễn nhỏ trên sân khấu, cô bắt đầu xuất hiện trên loạt phim truyền hình vào năm 1999 - Get Real. Ngay từ bộ phim điện ảnh đầu tiên - The Princess Diaries (2001), Anne Hathaway đã gây ấn tượng mạnh với giới trẻ bởi vẻ đẹp vượt thời gian khi vào vai cô học sinh luộm thuộm Mia Thermopolis và ba năm sau cô tiếp tục đóng phần tiếp theo của bộ phim - The Princess Diaries 2: Royal Engagement. Kể từ đó, Hathaway đã đóng vai chính trong nhiều bộ phim gia đình, trong đó ấn tượng nhất phải kể đến là Havoc và Brokeback Mountain vào năm 2005. Bên cạnh đó, cô cũng tham gia vai diễn chính trong The Devil Wears Prada (2006) cùng nữ diễn viên tài năng và được kính trọng nhất của nước Mỹ - Meryl Streep và Becoming Jane (2007) trong vai Jane Austen.'),
(66, 'Casey Affleck', 'DV2-43.jpg', '1975-08-12', 'Caloundra', 12, '1M80', '70KG', 4, '1997 đến nay', 'Casey Affleck , tên đầy đủ là Caleb Casey McGuire Affleck-Boldt , (sinh ngày 12 tháng 8 năm 1975, Falmouth , Massachusetts , Hoa Kỳ), diễn viên người Mỹ được kính trọng nhờ khả năng truyền tải xung đột nội tâm. Màn thể hiện của anh ấy trong vai Lee Chandler, một tay giang hồ đột ngột và vô cảm, người sau cái chết của anh trai mình được đặt tên là người giám hộ cho cháu trai tuổi teen của mình, trongManchester by the Sea (2016), đã mang về cho anh những lời khen ngợi từ giới phê bình cũng như giải BAFTA, giải Quả cầu vàng và giải Oscar cho nam diễn viên chính xuất sắc nhất.'),
(67, 'Apichaya Thongkham', 'DV2-44.jpg', '2002-05-23', 'BangKok', 9, '1M73', '49KG', 4, '2021 đến nay ', 'Nichapalak Thongkham (trước đây là Apichaya Thongkham), biệt danh Lilly, là một người mẫu kiêm diễn viên sinh ra ở Rayong, Thái Lan. Cô được học trung học tại Trường Trình diễn Prasarnmit liên kết với Đại học Srinakharinwirot. Hiện tại, Lily đang đi du học tại New Zealand.  Cô được biết đến nhiều nhất khi tham gia The Face Thailand mùa 2 với tư cách là thí sinh và vai diễn trong sê-ri phim Thái Lan \"The Gifted\" (2018). Lilly nằm trong số 7 thí sinh lọt vào vòng chung kết cuộc thi \"Người mẫu trẻ 2015\".'),
(68, 'Xa Thi Mạn', 'DV2-45.jpg', '1975-05-28', 'Hồng Kông', 10, '1M65', '53KG', 7, '1996 đến nay ', 'Xa Thi Mạn (tiếng Anh: Charmaine Sheh Sze Man, sinh ngày 28 tháng 5 năm 1975) là một nữ diễn viên truyền hình - diễn viên điện ảnh, người dẫn chương trình kiêm ca sĩ nổi tiếng người Hồng Kông. Cô từng là diễn viên độc quyền của hãng TVB và được báo giới ca ngợi là Nhất Tỷ của màn ảnh TVB một thời. Xa Thi Mạn lúc nhỏ học trường nữ sinh Hiệp Ân Trung Học, cho đến năm lớp 11 mới đi du học Thụy Sĩ chuyên ngành quản lý khách sạn tại Học viện Quản trị Khách sạn Quốc tế Thụy Sĩ và tốt nghiệp vào năm 1994. Trước đây Xa Thi Mạn từng có ý định làm giáo viên mầm non vì cô rất thích trẻ em, nhưng mẹ đã khuyên cô đi thi Hoa hậu Hồng Kông 1997 và đạt danh hiệu Á hậu 2. Với danh hiệu này, cô đại diện cho Hồng Kông tại cuộc thi Hoa hậu Quốc tế 1997 nhưng không đạt thành tích.'),
(69, 'Huỳnh Phương', 'DV2-46.jpg', '1992-12-11', 'Đồng Tháp', 6, '1M75', '60KG', 1, '2014 đến nay', 'Huỳnh Phương tên đầy đủ là Nguyễn Huỳnh Duy Phương (sinh ngày 11 tháng 12 năm 1992 đến từ Cao Lãnh) tham gia FAPtv vào năm 2015 và là sinh viên của trường Sân khấu điện ảnh TP.HCM. Anh đã từng cùng Thái Vũ, Y Nhu, Vinh Râu đã khuấy động sân khấu các chương trình: Thách thức danh dài,và cười xuyên Việt,… Huỳnh Phương lấy được tiếng cười của khán giả ở lối diễn tự nhiên, chuyên nghiệp kết hợp với một khuôn mặt “buồn cười khi không cười” của anh. Vào tháng 3/2018 Huỳnh Phương có một số chuyện xảy ra ở đội tuyển liên minh huyền thoại FTV của mình. Xạ thủ Slayer đã muốn “ra đi” tìm bến đỗ mới trong khi chưa hết hợp đồng tại FTV. Việc này dẫn đến nhiều tranh cải và bình luận hai chiều từ người hâm mộ. Ngay cả đến Optimus cũng vào cuộc.  Năm 2019, anh tham gia chương trình Thách Thức Danh Hài cùng Y Nhu, anh còn “được” chị Việt Hương “khen” là cái mặt nhìn thấy ghét, cứ giữ cái mặt đó cho chị'),
(70, 'Kunatip Pinpradub', 'DV2-47.jpg', '1994-04-22', 'BangKok', 9, '1M79', '65KG', 4, '2017 đến nay', 'Thông tin tiểu sử của nhân vật này chưa được cập nhật, đội ngũ của chúng tôi sẽ bổ sung sớm nhất có thể. Tuy nhiên bạn vẫn có thể xem phim của nhân vật này bằng danh sách phim mà chúng tôi đã tổng hợp nhé!'),
(71, 'Trịnh Gia Dĩnh', 'DV2-48.jpg', '1969-08-15', 'Hồng Kông', 10, '1M72', '64KG', 3, '1993 đến nay', 'Trịnh Gia Dĩnh (sinh ngày 15 tháng 8 năm 1969) là nam diễn viên, ca sĩ Hồng Kông trực thuộc của đài TVB. Đến năm 2004, với thành công của vai Lương Gia Minh trong bộ phim Tiết tấu tình yêu, anh mới thực sự nổi tiếng. Đặc biệt với vai Thẫm Lãng trong bộ phim Tình yêu dưới vòm trời, anh đã giành được giải thưởng \"Nam diễn viên chính được yêu thích nhất\" của TVB năm 2006. Trịnh Gia Dĩnh sinh tại San Francisco, Hoa Kỳ. Anh đã chuyển đến Hồng Kông từ rất sớm và trải qua thời niên thiếu ở đây. Anh học tiểu học ở trường Tiểu học Hoa Nhân và sau đó là trường trung học Alhambra và trường Quốc tế Hồng Kông. Trong thời gian đi học, năm 12 tuổi, mẹ anh đã gửi anh tới San Francisco sống với người cậu được 2 năm. Tuy nhiên sau đó anh đã trở lại Hồng Kông khi mẹ anh từ bỏ ý định di cư sang Mĩ.');

-- --------------------------------------------------------

--
-- Cấu trúc bảng cho bảng `nghenghiep`
--

CREATE TABLE `nghenghiep` (
  `ID_NgheNghiep` int(50) NOT NULL,
  `TenNgheNghiep` varchar(50) COLLATE utf8mb4_unicode_ci NOT NULL
) ENGINE=InnoDB DEFAULT CHARSET=utf8mb4 COLLATE=utf8mb4_unicode_ci;

--
-- Đang đổ dữ liệu cho bảng `nghenghiep`
--

INSERT INTO `nghenghiep` (`ID_NgheNghiep`, `TenNgheNghiep`) VALUES
(1, 'Diễn viên'),
(2, 'Diễn viên, MC'),
(3, 'Diễn viên, ca sĩ'),
(4, 'Diễn viên, người mẫu'),
(6, 'Diên viên, đạo diễn '),
(7, 'Ca sĩ');

-- --------------------------------------------------------

--
-- Cấu trúc bảng cho bảng `phim`
--

CREATE TABLE `phim` (
  `ID` int(50) NOT NULL,
  `TenPhim` text COLLATE utf8mb4_unicode_ci NOT NULL,
  `Anh` text COLLATE utf8mb4_unicode_ci NOT NULL,
  `ThoiLuong` text COLLATE utf8mb4_unicode_ci NOT NULL,
  `SoTap` int(50) NOT NULL,
  `PhimLe` int(50) NOT NULL,
  `QuocGia` int(50) NOT NULL,
  `NamSanXuat` date NOT NULL,
  `NgayCongChieu` date NOT NULL,
  `TheLoai` int(50) NOT NULL,
  `DaoDien` int(50) NOT NULL,
  `DienVien` int(50) NOT NULL,
  `DienVien2` int(50) NOT NULL,
  `Video` text COLLATE utf8mb4_unicode_ci NOT NULL,
  `LuotXem` int(50) NOT NULL,
  `MoTa` text COLLATE utf8mb4_unicode_ci NOT NULL
) ENGINE=InnoDB DEFAULT CHARSET=utf8mb4 COLLATE=utf8mb4_unicode_ci;

--
-- Đang đổ dữ liệu cho bảng `phim`
--

INSERT INTO `phim` (`ID`, `TenPhim`, `Anh`, `ThoiLuong`, `SoTap`, `PhimLe`, `QuocGia`, `NamSanXuat`, `NgayCongChieu`, `TheLoai`, `DaoDien`, `DienVien`, `DienVien2`, `Video`, `LuotXem`, `MoTa`) VALUES
(29, 'Tình Yêu Điên Cuồng', 'PH01.jpg', '60 phút', 1, 14, 16, '2021-10-15', '2022-03-07', 7, 24, 25, 23, 'y2meta.com - Phim Crazy love _TÌNH YÊU ĐIÊN CUỒNG _ - Tập 1 Thuyết minh ( Vietsub).mp4', 11, 'Chuyện phim Tình Yêu Điên Cuồng bắt đầu từ chàng trai tên No Go Jin (Jae Wook thủ vai) hiện đang là giảng toán học nổi tiếng nhất trong lĩnh vực giáo dục tư nhân và anh cũng là Giám đốc điều hành của GOTOP Education. No Go Jin đạt được tất cả thành công nhờ trí thông minh vượt trội của mình dù chỉ có trình độ học vấn trung học phổ thông. Trong mắt mọi người anh là người hoàn hảo với vẻ ngoài điển trai, giàu có và chỉ số IQ cao.  Trong khi đó nữ chính Tình Yêu Điên Cuồng cũng là Lee Shin A (Krystal đóng) là thư ký của No Go Jin, là người siêng năng và cô đứng đầu trong công ty về sự chân thành cùng trách nhiệm, nhưng lại sống quá trầm lặng, sống nội tâm. Một ngày nọ, No Go Jin nhận được lời cảnh báo rằng anh ta sẽ bị sát hại buộc anh phải kết hôn thì mới thoát khỏi cuộc sát hại bí ẩn đó. Thế nhưng người mà anh chọn kết hôn không ai khác lại chính là Lee Shin A.'),
(30, 'Ngự Giao Ký', 'PH02.jpg', '65 phút', 1, 14, 15, '2021-08-11', '2022-04-04', 11, 25, 26, 24, 'y2meta.com - Vietsub trailer 1 Ngự Giao Ký phần 2_Kháp Tự Cố Nhân Quy (Ngỡ Cố Nhân Quay Về).mp4', 28, 'Ngự Giao Ký phần 2 sẽ tiếp tục câu chuyện tình yêu giữa nữ ngự yêu sư (người có khả năng thuần phục yêu quái) Kỷ Vân Hòa (Địch Lệ Nhiệt Ba đóng) và Giao nhân (người cá) Trường Ý (Nhậm Gia Luân thủ vai). Nữ chính Kỷ Vân Hòa là cô nàng khao khát tự do, muốn tránh xa sự tranh đoạt, đối với cô ấy Ngự Yêu Cốc chính là địa ngục vì vậy nàng rất đồng cảm với nam chính Trường Ý, muốn giúp anh thoát khỏi xiềng xích trở về với biển cả tự do. Trong khi đó, Trường Ý là giao nhân dưới biển sâu, chỉ vì cứu công chúa mà bị công chúa bắt lên bờ làm nô lệ, công chúa giao cho Ngự Yêu Cốc (là nơi nữ chính Ngự Giao Ký làm việc) yêu cầu Ngự Yêu Cốc phải thuần phục Giao Nhân, bắt Giao Nhân mở miệng nói, tách bỏ đuôi cá và phải phục tùng vô điều kiện.'),
(31, 'Ngày Mai ', 'PH03.jpg', '60 phút', 1, 14, 16, '2021-09-16', '2022-04-01', 7, 26, 27, 25, '', 5, 'Chuyện phim Ngày Mai (Tomorrow) bắt đầu thanh niên Choi Joon Woong (Rowoon thủ vai), người vốn hoàn hảo, giàu có, tốt nghiệp từ trường cao đẳng danh tiếng những vẫn rơi vào tình trạng thất nghiệp như bao người khác. Không chịu được lời dèm pha từ mọi người xung quanh Choi Joon Woong quyết tâm đi xin việc cho bằng được nhưng nào ngờ tai nạn lại xử ra với anh. Kết quả là Choi Joon Woong trở thành cộng sự với Lim Ryoong Goo (Yoon Ji On đảm nhận) và Goo Ryun (Kim Hee Sun đóng), họ là hai thần chết làm việc cùng nhau để cứu mạng những người đang có ý định tự tử.  Sau đó Joon Woong gặp mặt 2 thần chết làm việc cho hội xử lý khủng hoảng, ngăn chặn những vụ tự sát Gu Ryeon và Im Ryung Gu. Choi Joon Woong quyết định tham gia ban quản lý khủng hoảng và cùng 2 cộng sự cứu mạng những người có ý định tự tử. Dù lúc đầu có hơi sợ hãi nhưng nam chính phim Ngày Mai dần nhận ra rằng cuộc sống vô cùng đáng quý với những người chịu áp lực và nghĩ đến cái chết. Choi Joon Woong dần trở thành một thần chết chính nghĩa, sẵn sàng giúp đỡ những hoàn cảnh cận kề giữa sự sống và cái chết.  Nhìn chung, Ngày Mai (Tomorrow 2022) là bộ phim có nội dung khá mới mẻ và cuốn hút. Phim chủ yếu xoay quanh đội quản lý khủng hoảng đặc biệt được thành lập vì đã có quá nhiều vụ tự sát dẫn đến tình huống cấp bách ở âm phủ. Nhiệm vụ của các nhân vật chính là chăm sóc những người có nguy cơ tự tử cao và khiến họ muốn sống.'),
(32, 'Xác Sống', 'PH04.jpg', '50 phút', 1, 14, 13, '2021-02-12', '2022-03-11', 10, 27, 28, 26, '', 4, 'Sau hơn một thập kỷ phát sóng, mới đây đài AMC công bố thông tin về loạt phim “The Walking Dead” sẽ kết thúc sau 11 mùa phát sóng. Theo đó, 12 tập đầu tiên của season 11 sẽ phát sóng năm 2021 và các tập còn lại sẽ chiếu vào năm 2022. Và tin vui hơn hết là trong thời gian tới hai phần hậu truyện \"The Walking Dead: The World Beyond\" và \"Fear the Walking Dead\" phát triển từ loạt phim này đang được thực hiện và sẽ công chiếu.  The Walking Dead Season 11 sẽ tiếp nối và phát triển điểm mạnh của các phần trước đó là đưa vào nhiều khung hình ăn tiền nhất mọi thời đại. Với quá nhiều nhân vật và không gian được xây dựng xuyên suốt 11 mùa phim, người xem thật sự phải nể phục những gì mà series có thể mang lại. Vô số những luật lệ và tình người được đặt làm tâm điểm của toàn bộ chuỗi phim, kể cả những nhân vật chính có bị đặt trong một thế giới đầy rẫy cái chết.'),
(33, 'Kỵ Sĩ Ánh Trăng ', 'PH05.png', '55 phút', 1, 14, 13, '2021-07-08', '2022-04-02', 6, 29, 29, 27, '', 10, 'Chuyện phim Kỵ Sĩ Ánh Trăng -Moon Knight bắt đầu từ Steven Grant (tên khác Marc Spector), nhân viên của một cửa hàng đồ lưu niệm và là người mắc chứng rối loạn đa nhân cách, cũng chính căn bệnh này đã khiến chất lượng cuộc sống giảm sút và sức khỏe thể chất cũng như tinh thần ngày càng kiệt quệ. Cụ thể, Steven Grant thường xuyên không phân biệt được giữa thực tại và những giấc mộng mị của mình, trong những giấc mơ như vậy nam chính Moon Knight thường được trải nghiệm lại những ký ức từ các kiếp trước của chính mình.  Được biết nguyên nhân dẫn đến căn bệnh oái ăm ấy bắt nguồn từ khi Steven Grant còn là lính đánh thuê của Thủy quân lục chiến Hoa Kỳ. Một trong số các nhân cách đó của nhân vật chính Moon Knight chính là người mất trí nhớ sau nhiều lần bất tỉnh, một nhân viên cửa hàng quà tặng của người Anh. Và sau khi được ban sức mạnh ma thuật bởi vị thần Ai Cập Khonsu (F. Murray Abraham đóng), anh phải khám phá sự thật của nhiều nhân cách bên trong mình, đồng thời đối đầu với một gã cuồng tín điên loạn và nguy hiểm khác chính là Arthur Harrow (Ethan Hawke đảm nhận vai).  Tương tự Batman của DC, Moon Knight là một siêu anh hùng giàu có và có những vấn đề về mặt tâm lý. Chứng rối loạn nhận dạng phân ly của Moon Knight biểu hiện là anh có nhiều mặt tính cách hoàn toàn khác nhau trong một thân xác.'),
(34, 'Lối Rẽ Con Tim', 'PH06.jpg', '50 phút', 1, 14, 17, '2021-09-18', '2022-03-24', 7, 30, 30, 28, '', 4, 'Lối Rẽ Con Tim kể về Bow cô gái bị cắm sừng bởi bạn trai của cô là Pong. Người mà bạn trai cô quen là Vithinee, em gái của chủ đồn điền. Pong đã giấu Bow về mối quan hệ khá lâu, cho đến khi phát hiện thì Vithinee đã có thai nên buộc phải tổ chức đám cưới. Bow rất sốc vì người con trai mình luôn yêu thương phản bội mình, Bow vào một quán bar một mình uống rượu để giải sầu thì bất chợt cô rơi vào tình huống nguy hiểm và bị đánh thuốc mê, suýt bị cưỡng bức. May thay, cô được Tos cứu giúp và đưa vào phòng riêng an toàn.  Tuy Tos là người cực kỳ yêu thương và bảo vệ cô em gái ốm yếu của mình nhưng anh không bao giờ đứng yên khi thấy người khác gặp nguy hiểm. Vì không muốn Bow rơi vào tay những gã lưu manh và càng không muốn để Bow phá hoại hạnh phúc của em gái mình nên anh đã nghĩ ra cách trói buộc cuộc đời của cô nàng lại với anh ta. Sau khi Bow tỉnh dậy, anh đã đến gặp cha của Bow nói dối rằng anh đã ngủ với con gái của ông ấy khiến cha Bow quyết định gả Bow cho Tos để bảo vệ phẩm hạnh của con gái mình. Tựa phim Lối Rẽ Con Tim được đặt theo tâm lý của nhân vật của Bow khi phải chịu đau khổ bị phản bội sau đó lại dành tình cảm cho anh trai của tình địch.  Điều hấp dẫn hơn hết ở bộ phim Lối Rẽ Con Tim (Trái Tim Băng Giá) chính là khi cả Pong và Bow đều sống chung một mái nhà. Một thời gian sau khi kết hôn với Vithinee, Pong vẫn luôn nhớ về Bow. Anh quyết định rũ bỏ Vithinee để quay lại với Bow và điều gì sẽ xảy ra? Các bạn tò mò thì hãy bấm ngay vào tập đầu nhé!'),
(35, 'Bờ Vực Chiến Tranh', 'PH07.png', '60 phút', 1, 14, 19, '2021-08-27', '2022-04-01', 6, 31, 31, 29, '', 6, 'Munich: Bờ vực chiến tranh - Munich: The Edge of War là bộ phim thuộc thể loại chính kịch, gay cấn, tâm lý của Đức. Tác phẩm do đạo diễn Christian Schwochow chịu trách nhiệm chỉ đạo, với sự tham gia của các diễn viên Jeremy Irons, George MacKay, Jannis Niewoehner, Sandra Hüller và Liv Lisa Fries.  Bộ phim lấy bối cảnh vào năm 1932, xoay quanh Hugh Legat (MacKay) và Paul Von Hartmann (Jannis Niewohner). Mọi người sớm nhận ra rằng Hugh Legat (MacKay) là một người Anh đứng đắn, còn Paul Von Hartmann (Jannis Niewohner) là một người theo chủ nghĩa nativi, là người Đức có thiện cảm với “nước Đức mới”.  Họ tranh luận với nhau nhưng sau đó đã cùng nhau uống rượu sâm panh. Sáu năm sau, cả hai đã thay đổi rất nhiều, Hugh là thư ký báo chí của Thủ tướng Neville Chamberlain (Jeremy Irons), và Paul là thư ký báo chí nước ngoài của Adolf Hilter. Với chức vị đó họ có thể tham gia vào nhiều sự kiện khác nhau.  Tại một thời điểm trong quá khứ, Hugh và Paul đã gặp nhiều khó khăn về chính trị, Paul đã vượt qua sự phân biệt chủng tộc của Hitler để đánh giá cao niềm tự hào của người Đức, và Hugh không thể chấp nhận điều đó.  Đã có nhiều mâu thuẫn xảy ra và cuộc sống của gia đình bỗng trở nên căng thẳng tồi tệ, bởi vì châu Âu đang xảy ra cuộc chiến với Đức. Hitler đang chuẩn bị những thứ cần thiết để đi qua tiệp khắc, và các nhà đàm phán ngoan cố Chamberlain đang muốn dùng hết các phương án duy trì xung đột, ngay cả khi nó chỉ là tạm thời và ông ta chia sẻ những điều đó với Hugh đáng tin cậy.'),
(36, 'Hung Thần Trắng ', 'PH08.jpg', '65 phút', 1, 14, 20, '2021-10-14', '2022-02-17', 10, 32, 32, 30, 'y2meta.com-Phim _Hung Thần Trắng_ Trailer _ KC 07.05.2021-(480p).mp4', 4, 'Hung thần trắng - Great White (2021) là bộ phim thuộc thể loại kinh dị sinh tồn của Úc do đạo diễn Martin Wilson chịu trách nhiệm chỉ đạo, với phần kịch bản do Michael Boughen chắp bút, Neal Kingston và Michael Robertson trong vai trò nhà sản xuất cùng với các nhà sản xuất điều hành Jack Christian và Christopher Figg.  Tác phẩm có sự tham gia của các diễn viên Katrina Bowden , Aaron Jakubenko , Tatjana Marjanovic và Kimie Tsukakoshi. Trong phim, hai con cá mập trắng tấn công năm hành khách trên tàu thuỷ phi cơ bị mắc kẹt.   Bộ phim theo chân đôi tình nhân hạnh phúc, đồng thời cũng là những người điều hành chiếc thuỷ phi cơ, Kaz Fellows (Katrina Bowden) và Charlie Brody (Aaron Jakubenko), cùng với hành khách của họ, bao gồm Joji Minase (Tim Kano), vợ của anh ấy là Michelle (Kimie Tsukakoshi) và đầu bếp Benny (Te Kohe Tuhaka), điểm đến của họ là rạn san hô địa ngục đẹp như tranh vẽ.  Nhưng chuyến đi nghỉ dưỡng của họ bỗng nhiên biến thành địa ngục khi thuỷ phi cơ bị mắc cạn hàng km từ bờ biển và họ phát hiện ra xác của một người đàn ông với nhiều vết cắn. Charlie (một cựu sinh viên ngành sinh vật biển) đã nhanh chóng xác nhận rằng đây là do cá mập gây ra. Cơ hội sống sót duy nhất của họ là tới được bãi biển, mọi người phải cố gắng duy trì sự sống với một chiếc phao cứu hộ, cố gắng bơi vào bờ và phía dưới là kẻ săn mồi nguy hiểm và khát máu nhất đại dương.  Michael Robertson đã nhận định rằng tác phẩm Hung Thần Trắng – Great White chính là sự pha trộn hoàn hảo giữa kinh dị và thực tế: “Chúng tôi nhận ra khi đọc phần kịch bản của Michael Boughen và chúng tôi đã đúng, tác phẩm đặt các nhân vật mạnh mẽ và những vị trí xung đột trong bối cảnh đáng sợ mà khán giả có thể đồng cảm. Tạo ra sự thích thú và kích động trong việc tham gia các trò nguy hiểm, đó là câu chuyện mà chúng tôi đã cố gắng hướng đến”.  Nhà sản xuất Neal Kingston cũng chia sẻ: “Kể từ lúc xem tác phẩm Jaws từ khi còn bé, tôi đã nhận ra tác dụng của một bộ phim về cá mập với khán giả xem phim. Nỗi sợ hãi bao trùm trong rạp chiếu phim và một lần nữa mạo hiểm xuống nước là có thực. Hung thần trắng mang lại những trải nghiệm thực tế và đáng tin cây.”  Tuy vậy, sau khi trình chiếu thì bộ phim nhận về nhiều ý kiến phản hồi tiêu cực từ khán giả. Các ý kiến chủ yếu cho rằng cốt truyện phim rời rạc và nhàm chán, kỹ xảo hình ảnh cũng không ấn tượng và một cái kết khá chóng vánh.'),
(37, 'Gia Đình Tiểu Mẫn', 'PH09.jpg', '45 phút', 1, 13, 15, '2021-06-18', '2021-12-11', 5, 33, 33, 31, '', 2, 'Gia Đình Tiểu Mẫn được dựa trên cuốn tiểu thuyết cùng tên của tác giả Y Bắc, phim sẽ là câu chuyện về quá trình nuôi dạy con cái vất vả của Vương Tố Mẫn. Tưởng chừng sẽ có cuộc sống hạnh phúc nhưng hai cô con gái của cô đều bất hạnh rơi vào tình cảm hôn nhân tan vỡ phải chọn cách ly hôn. Dưới sự chỉ dẫn và động viên của người mẹ, cuối cùng hai cô con gái cũng tìm thấy được hạnh phúc trong cuộc sống. Gia Đình Tiểu Mẫn còn có được bài học lớn nhất của đời người đó chính là sự trưởng thành.  Vì là đề tài gia đình nên phim hứa hẹn sẽ có nhiều tình huống bi hài lẫn xúc động, Gia Đình Tiểu Mẫn đề cập khát khao yêu thương tuổi trung niên cùng những tổn thương của gia đình đơn thân, tình thương và mâu thuẫn giữa con con cái với mẹ, những xung đột con chung - con riêng,..'),
(38, 'Chú Chó Togo', 'PH10.jpg', '50 phút', 1, 13, 13, '2021-03-09', '2021-10-22', 8, 33, 34, 32, 'y2meta.com-Togo - Official Trailer _ Disney+ _ Streaming Dec. 20-(480p).mp4', 2, 'Độ phân giải: Full Hd  Chú chó Togo là bộ phim phiêu lưu chính kịch được phát hành năm 2019 của Mỹ do đạo diễn Ericson Core chịu trách nhiệm chỉ đạo, với hãng Walt Disney Pictures chịu trách nhiệm sản xuất. Bộ phim xoay quanh Leonhard Seppala cùng chú chó kéo xe trượt tuyết của ông, trong nhiệm vụ chạy tới Nome năm 1925 để vận chuyển huyết thanh kháng độc tố bạch hầu trong điều kiện khắc nghiệt của thời tiết ở một dịch bệnh bạch hầu. Bộ phim có sự tham gia của Willem Dafoe, Julianne Nicholson, Christopher Heyerdahl, Michael Gaston, Michael McElhatton,..Bộ phim được phát hành vào ngày 20 tháng 12 năm 2019.  Bộ phim Togo là câu chuyện phiêu lưu, tình cảm về một người đàn ông sống ở vùng lạnh giá cùng với đàn chó kéo xe tuyết của mình. Trong một đợt dịch bạch hầu đã khiến cho những đứa trẻ trong thị trấn Alaskan phải đối mặt với tử thần, nếu không sớm có huyết thanh, thảm cảnh đáng sợ sẽ xảy đến với thị trấn nhỏ bé xinh đẹp. Để có thể cứu vãn tình thế, Seppala đã cùng đoàn chó kéo tuyết băng qua những trận tuyết để mang huyết thanh về.  Những bối cảnh căng thẳng được dựng lên với sự xung đột ở quá khứ cũng như hiện tại, kết hợp với nhau để tạo nên thông điệp tinh tế là không bao giờ bỏ cuộc khi đối mặt với nghịch cảnh. Trong quá khứ, chú chó Togo cho thấy sự lì lợm của mình ngay cả khi cậu ta bị nhốt vào nhà kho bởi Seppala, người thà từ bỏ con chó hơn là tin tưởng vào khả năng huấn luyện của mình. Ông đã nói : “Thánh Phanxico thành Assisi cũng không cần con chó vô dụng này” trong khi Togo đang lê lết trên tuyết.   Bên cạnh chú chó, đạo diễn cũng đã làm sáng lên dòng dũng cảm của những người dám hy sinh vì người khác như Seppala, ông đã đi vào vùng đất đầy nguy hiểm và đặt hết niềm tin vào những chú chó của mình để có thể tới nơi lấy huyết thanh, chữa trị cho những người đang mắc bệnh trong thị trấn. Địa hình tuyết khó nhằn liên tục xuất hiện để tăng thêm phần kịch tích, điển hình là phân cảnh Seppala và đoàn chó của ông vô tình lao về phía một vách đá. Hay cảnh tượng cả đoàn đi qua một cánh đồng băng đang tan dần, tạo cảnh tượng cận kề với cái chết.  Sự đối lập trong tiến trình tâm lý cũng được xử lý một cách tinh tế, khi Seppala và vợ là Constance từ lúc đầu đã không có thiện cảm với Togo, tiếp đến là bất đồng về việc Seppala tham gia cuộc hành trình nguy hiểm. Phần hình ảnh cũng được tinh chỉnh một chút, có vẻ bạn sẽ cảm thấy nhiều khung hình như được phủ hiệu ứng mờ, tuy nhiên đây là chủ ý của đạo diễn để khiến cho Togo có vẻ ngoài cổ điển, đồng thời diễn tiến câu chuyện cũng được tập trung vào đúng những chủ thể đang được lấy nét. Công nghệ CGI được áp dụng cho nhiều phân cảnh khác nhau, tạo cảm giác chân thực và sống động cho trải nghiệm phát trực tuyến.  Với chú chó Togo, tính cách và hành động của cậu được chú trọng một cách tỉ mỉ. Cậu là chú chó độc lập, kiên trì pha lẫn chút hài hước. Điểm đặc biệt trong bộ phim là khi chú chó thực hiện những phân cảnh mạo hiểm trong phim không phải vì nó ngoan ngoãn nghe lời, không phải vì nó sợ chủ quát mắng mà đó là vì đó là điều nó lựa chọn.'),
(39, 'Trường Luật', 'PH11.jpg', '55 phút', 1, 13, 16, '2021-08-19', '2021-12-21', 9, 35, 35, 33, 'y2meta.com - ▶️ VIETSUB __ Law School Teaser_ Hideout Teaser(360p).mp4', 6, 'Trường Luật Netflix là tác phẩm truyền hình được chỉ đạo bởi đạo diễn Kim Seok Yun và được chắp bút bộ biên kịch Seo In. Phim xoay quanh các sinh viên và giáo sư trường luật nổi tiếng Hàn Quốc bị cuốn vào một vụ án bất thường chưa từng có. Han Joon Hwi (Kim Bum thủ vai) và Kang Sol (Ryoo Hye Young đóng) là sinh viên năm nhất trường luật. Kang Sol xuất thân từ một gia đình nghèo khó và cô luôn tự ti về điều đó bởi ở trường xung quanh cô là những học sinh không những thông minh mà còn xuất thân giàu có. Nhưng từ khi nhập học ở Trường Luật Kang Sol đã từ từ tìm hiểu về nghề luật chân chính. Trong khi đó Han Joon Hwi là người đứng đầu trong số các sinh viên năm nhất trường luật với vẻ ngoài điển trai và quyến rũ. Cậu ấy là một thanh niên với tố chất lãnh đạo bẩm sinh, nhưng lại có một bí mật nào đó.  Trong phim Trường Luật (Law School 2021) còn có nhân vật chủ chốt Yang Jong-Hoon (Kim Myung Min đảm nhận) là một cựu công tố viên. Nghề tay trái của anh chính là giáo sư của một trường luật danh tiếng, tại trường anh được sinh viên nhận xét là người thẳng thắn và thường đưa ra những lời nhận xét mang tính phiến diện. Dù là giáo sư giảng dạy nhưng Yang Jong Yoon không hề quan tâm đến sinh viên nghĩ gì về bản thân mình dù sinh viên không thích những điều mà anh làm. Người duy nhất mà anh cởi mở nói chuyện chính là đồng nghiệp Kim Eun-Sook (Lee Jung Eun đóng), ngoài ra anh chỉ tập trung vào việc trau dồi nhân sự trong lĩnh vực luật của Trường Luật.  Mỗi người một tính cách, một suy nghĩ khác nhau nhưng khi xảy ra vụ án bí ẩn trong trường Luật đã giúp tất cả bọn họ gắn kết và hợp tác với nhau để tìm ra chứng cứ cũng như đưa ra những lý lẽ về luật pháp.'),
(40, 'Đánh Cắp Số Phận', 'PH12.jpg', '60 phút', 1, 13, 16, '2021-01-14', '2021-05-01', 11, 36, 36, 35, '', 1, 'Chuyện phim Bossam: Đánh Cắp Số Phận lấy bối cảnh ở thời Vua Gwang Hae, xoay quanh cuộc sống của hai nhân vật Ba Woo (Jung Il Woo thủ vai) và công chúa Soo Kyung (Kwon Yoo Ri đảm nhận). Trong đó Ba Woo là người chuyên thực hiện việc kết nối những phụ nữ không có ý định lấy chồng mới hay nói cách khác là góa phụ, nhưng anh vô tình bắt cóc phải công chúa Soo Kyung. Anh ta bị đóng khung cho âm mưu của của ai đó và lựa chọn sống trong vỏ bọc của một kẻ thấp hèn dù rất muốn thoát khỏi nó.  Còn về công chúa Soo Kyung, người sống cuộc đời kín đáo và im lặng để duy trì hình ảnh của gia đình. Cô phải kết hôn với người anh trai mà cô thân thiết từ nhỏ để đáp ứng nguyện vọng của gia đình, nhưng nhanh chóng trở thành góa phụ ngay sau khi cử hành hôn lễ. Sau đó, cuộc đời của cô liên tục gặp sóng gió khi một người lạ tên Ba Woo xuất hiện.  Nhìn chung, phim Bossam: Đánh Cắp Số Phận kể về câu chuyện cuộc sống và tình yêu chạm đến sự áp bức của những người phụ nữ và những người nghèo khổ. Những góc khuất trong xã hội phong kiến Hàn Quốc sẽ được khắc họa một cách chân thực qua bộ phim.'),
(41, 'Lật Mặt: 48H', 'PH13.jpg', '110 phút', 1, 13, 14, '2021-01-08', '2021-04-14', 5, 37, 37, 36, '', 4, 'Một gia đình bị truy đuổi giữa vùng sông nước. Cơ hội nào cho người đàn ông cứu lấy vợ con khỏi bọn xã hội đen máu mặt? Trong phần 5 này, đạo diễn Lý Hải đã “mạnh tay” mời đạo diễn Kim Jung Min từ Hàn Quốc sang Việt Nam làm cố vấn hành động cho đoàn phim. Được biết, Kim Jung Min cũng chính là đạo diễn hành động của phim hay ra mắt năm 2018 The Witch: Part 1. The Subversion. Theo nhận xét của giới chuyên môn, yếu tố hành động trong siêu phẩm này được đánh giá cao bởi sự độc đáo, mạnh mẽ và ác liệt. Và với sự thể hiện này, tại giải thưởng điện ảnh danh giá Rồng Xanh lần thứ 39, Kim Jung Min và Park Jung Ryul đã nhận được đề cử ở hạng mục Kỹ thuật cho phần chỉ đạo hành động xuất sắc nhất. Xem thêm tại: https://www.galaxycine.vn/dat-ve/lat-mat-48h  Xem thêm tại: https://www.galaxycine.vn/dat-ve/lat-mat-48h'),
(42, 'Chú Chó Điệp Vụ ', 'PH14.jpg', '90 phút', 1, 13, 13, '2021-07-16', '2021-11-28', 8, 38, 38, 37, '', 4, 'Chú chó điệp vụ - Dog (2022) là bộ phim thuộc thể loại chính kịch, lãng mạn, hài hước của Mỹ. Tác phẩm do đạo diễn Reid Carolin và Channing Tatum chịu trách nhiệm chỉ đạo, với sự tham gia của các diễn viên Channing Tatum, Ryder McLaughlin và Aavi Haas.  Bộ phim theo chân Jackson Briggs (Channing Tatum), một cựu binh biệt động quân Hoa Kỳ sống ở Montana, người đang cố gắng kiếm việc làm trong lực lượng an ninh ngoại giao, bất chấp chấn thương sọ não mà anh ta đã gặp phải khi triển khai chiến dịch ở Trung Đông.  Briggs đã yêu cầu một lá thư giới thiệu từ một sĩ quan cấp trên để anh ta được xem xét. Khi anh ấy biết rằng người bạn từ quân đội của mình là Sgt. Riley Rodriguez (Eric Urbiztondo) đã chết bất đắc kỳ tử, Briggs tập hợp lại với đơn vị cũ để mừng thọ cho Riley. Một sĩ quan cho Briggs một cơ hội để nhận được đề xuất của anh ta, chính là đi du lịch xuống bờ biển thái bình dương cùng với chú chó làm việc trong nhóm K-9 của Riley.  Chú chó tên là Lulu, thuộc dòng họ Malinois Bỉ năng động và lanh lợi hiện đã nghỉ hưu để kịp làm lễ tang cho Riley. Sau đó, Briggs đã phải đưa cả Lulu đi cai nghiện vì nó đã không còn phù hợp với nhiệm vụ của K-9 nữa. Vì thế, Briggs và Lulu tới đám tang và trải qua nhiều cuộc phiêu lưu cùng nhau.'),
(43, 'Khu Vực Nguy Hiểm ', 'PH15.jpg', '80 phút', 1, 13, 15, '2021-04-15', '2021-09-03', 9, 39, 39, 38, '', 3, 'Chuyện phim Khu Vực Nguy Hiểm bắt đầu khi màn đêm buông xuống, những tội phạm nằm trong ngục tối đều chém giết lẫn nhau không từ mọi thủ đoạn tàn độc nhất để giành được sự sống cho mình. Không những vậy bên ngoài thành phố còn xảy ra liên tiếp loạt vụ trộm cướp, án mạng buộc cảnh sát phải ngày đêm cực khổ truy bắt hết những tên tội phạm máu lạnh này giành lại sự bình yên cho thành phố. Trong đó, có hai chàng trai sát cánh cùng nhau để cùng chiến đấu và ngăn chặn những tên tội phạm nguy hiểm, bởi một âm mưu to lớn sắp xảy ra đe dọa mạng sống của hàng trăm người trong khu vực nguy hiểm.  Trong Danger Zone (Khu vực nguy hiểm) nam diễn viên Lý Minh Thuận sẽ hóa thành một cảnh sát dày dặn kinh nghiệm. Anh cùng với hai nam nghệ sĩ trẻ Châu Du Dân và Chu Hiến Dương đảm nhận 3 nhân vật có tính cách và hoàn cảnh trái ngược nhau. Cả 3 hợp thành một đội khám phá khu vực nguy hiểm để tìm ra bí ẩn đen tối và nguy hiểm của đám tội phạm.'),
(44, 'Sau Cơn bão', 'PH16.jpg', '60 phút', 1, 13, 18, '2021-03-19', '2021-10-16', 6, 40, 40, 39, '', 5, 'Chất lượng: Bản đẹp  Sau cơn bão - The Calm Beyond là bộ phim thuộc thể loại giả tưởng, gay cấn của Hồng Kông. Tác phẩm do đạo diễn Joshua Wong chịu trách nhiệm chỉ đạo, với sự tham gia của các diễn viên Kara Wang, Sarinna Boggs và Terence Yin.  Bộ phim xoay quanh một người phụ nữ trẻ sống ẩn dật trong một tòa nhà đổ nát ở Hồng Kông sau một trận sóng thần phá huỷ thành phố, đó là một ngôi biệt thự nằm trên một đống đổ nát của bê tông. Sự tồn tại được che giấu của cô ấy vĩnh viễn bị thay đổi khi một đứa trẻ nhỏ trôi vào cuộc đời của cô ấy theo đúng nghĩa đen.'),
(45, 'Dám Yêu', 'PH17.jpg', '80 phút', 1, 12, 17, '2020-04-16', '2020-11-11', 7, 41, 41, 40, '', 1, 'Chuyện phim Dám Yêu bắt đầu từ một chàng trai trẻ tên Q (Kongthap Peak thủ vai) luôn để mắt tới đàn chị xinh đẹp của mình ở trường là Thicha (Ranee Campen đóng). Thời gian dần trôi qua với sự im lặng của Q, anh chỉ biết yêu thầm nhưng không dám bộc lộ. Thấm thoát Thicha đã trở thành một nữ luật sư tài năng và thông minh trong khi Q vẫn là một sinh viên đang gấp rút hoàn thành chương trình học tập của mình.  Dám Yêu là tựa đề cho cuộc tình của Q yêu đơn phương Thicha mà không dám nói ra. Và rồi như một duyên số đưa đẩy cả hai lại gần với nhau, Q trở thành thực tập sinh trong công ty nơi mà Thicha đang làm việc và cậu được đàn chị của mình quản lý. Cả hai chợt nhận ra nhau dù đã trải qua thời gian dài không gặp, mặc dù Thicha có cảm tình tốt với Q nhưng cô luật sư thông minh không chắc liệu mình có nên chấp nhận trái tim của cậu thực tập sinh tên Q này không. Dám Yêu là một chuyện nhưng đằng sau Q còn những người đàn ông trẻ có trình độ khác cũng đang tán tỉnh mục tiêu của anh. Nếu bạn tò mò về mối tính này thì đón xem ngày Hãy Để Tình Yêu Phán Xét để tìm câu trả lời cho mình nhé!'),
(46, 'Cuộc Săn Lùng', 'PH18.jpg', '90 phút', 1, 12, 19, '2020-06-19', '2020-11-05', 6, 42, 42, 41, '', 2, 'Cuộc săn lùng - Warhunt là bộ phim thuộc thể loại hành động, kinh dị, giật gân của Đức. Tác phẩm do đạo diễn Mauro Borrelli chịu trách nhiệm chỉ đạo, với sự tham gia của các diễn viên Mickey Rourke, Jackson Rathbone và Robert Knepper.  Bộ phim lấy bối cảnh năm 1945 và một máy bay quân sự của Mỹ đã biến mất một cách bí ẩn ở nước Đức. Một đội gồm hàng chục GI do Trung sĩ Brewer ( Robert Knepper ) chỉ huy, được lệnh tiến vào rừng để tìm trong đống đổ nát xem liệu còn ai đó còn sống sót không.  Thiếu tá Johnson ( Mickey Rourke ) đến hiện trường và thêm chuyên gia Walsh (Jackson Rathbone) trong nhóm. Công việc của Walsh là lấy gói bí mật từ máy bay. Đội ngăn chặn một cuộc tấn công của Đức Quốc Xã, nhưng sau đó mọi thứ trở nên kỳ lạ khi họ gặp phải ba người phụ nữ xinh đẹp sống ở trong một cối xay gió.  Từ đó, họ dường như không thể đi được bất cứ bước tiến nào nữa, cứ xoay quanh một vòng luẩn quẩn và bị tấn công bởi một người đàn ông to lớn với cơ thể được khâu lại và đầy lông rậm. Những người đàn ông bắt đầu nhìn thấy mọi thứ lần lượt biến mất và mất dần đi sự tỉnh táo. Liệu họ có thể hoàn thành nhiệm vụ của mình hay không?'),
(47, 'Phi Vụ Lừa Đảo', 'PH19.jpg', '55 phút', 1, 12, 20, '2020-09-17', '2020-12-27', 8, 43, 43, 42, '', 3, 'Phi vụ lừa đảo - Queenpins là bộ phim thuộc thể loại phiêu lưu của Úc năm 2020, tác phẩm do Aron Gaudet và Gita Pullapilly viết kịch bản đồng đạo diễn. Phim có sự tham gia của các diễn viên Kristen Bell , Kirby Howell-Baptiste , Paul Walter Hauser , Bebe Rexha và Vince Vaughn.  Tác phẩm kể về một câu chuyện có thật xoay quanh tay buôn bán hàng giả nhỏ bé tại ngoại ô, người đã kiếm được hàng triệu USD bằng việc bán các phiếu giảm giá bất hợp pháp cho sản phẩm ngũ cốc và xà phòng rửa bát.   Kristen Bell thủ vai Connie, một cựu vận động viên Olympic đang cảm thấy năng lượng dồi dào đã dụ dỗ hàng xóm JoJo (Kirby Howell-Baptiste) tham gia vào doanh nghiệp tội phạm của mình. Mặc dù số phận bảy nhân vật của họ được báo trước là sẽ lọt vào mắt xanh của các nhà chức trách, nhưng người phụ nữ coi mình như Robin Hoods luôn cảm thấy tự tin.  Ý tưởng của Connie rất đơn giản, cô và Jojo thuyết phục hai công nhân nhà máy kết hôn ở Mexico (Ilia Isorelýs Paulino và Francisco J. Rodriguez) sau đó gửi cho họ những tờ phiếu giảm giá chưa được sử dụng. Những thứ này được bán trực tuyến và các bà nội trợ có tiền sẵn sàng trả 10 đô la cho các tờ trị giá 20 đô la.  Connie tin rằng đó là một trò lừa đảo không có nạn nhân, và màu sắc tươi sáng của bộ phim cũng không mang tới nhiều căng thẳng. Khi Connie tự mặc một chiếc váy màu xanh da trời để giành được sự ưu ái từ các nhân viên ngân hàng, nhạc nền đã vang lên.  Gaudet và Pullapilly nghĩ rằng những kẻ lừa đảo đã thực sự là những tập đoàn vô hình chung đã tạo ra một xã hội phá giá sản phẩm và ảnh hưởng tới người tiêu dùng. Đối với những tập đoàn lừa đảo này, việc chuyển một nhà máy từ Ohio sang Mexico giống như việc cắt một phiếu giảm giá cho sức lao động của con người.  Một gói giấy vệ sinh được bày bán không khác nhiều so với bản thân của Connie, người đã có kỹ năng thanh toán hoá đơn hàng tạp hoá hàng tuần không được đánh giá cao bởi người chồng của cô và nhân vân thanh toán khó tính tại siêu thị.  Trong khi đó, nhân viên phòng chống tổn thất địa phương Ken (Paul Walter Hauser) cũng cảm thấy thất vọng khi tiếng vỗ tay không được vang lên vì đã bắt một người về hưu cố gắng gian lận một ít chi phí cho chương trình H.   Tại đây, mọi thứ và mọi người đều cảm thấy bị đánh giá thấp: Connie và chồng của cô, Jojo bị coi thường bởi các nhân viên ngân hàng, những người hạn chế khả năng kinh doanh bất hợp pháp của cô. Ken bởi người chủ hách dịch của anh ấy và thậm chí thần tượng của Ken là Simon (Vince Vaughn), một thanh tra bưu điện nhận thức được rằng anh ấy ít được kiểm tra hơn từ FBI.'),
(48, 'Đôi Mắt Âm Dương', 'PH20.jpg', '100 phút', 1, 12, 14, '2020-08-13', '2020-01-24', 10, 44, 44, 43, 'y2meta.com-ĐÔI MẮT ÂM DƯƠNG - OFFICIAL TRAILER _ Phim Tết 2020-(480p).mp4', 5, 'Phim mào đầu khi họa sĩ nổi tiếng Trang (Thu Trang đóng) về nhà sau tai nạn, khiến cô phải ghép giác mạc và mất một phần ký ức. Dù được chồng - bác sĩ Trường (Quốc Trường) - chăm sóc, Trang vẫn chưa hồi phục. Đôi khi, cô thấy một người phụ nữ vẻ ngoài ghê rợn lởn vởn quanh mình.  Cùng trợ lý (La Thành đóng), Trang bắt đầu đi tìm lời giải cho hiện tượng này. Mọi chuyện dường như liên quan đến Lisa (Bảo Thanh) - nữ ca sĩ chết trước đó ít lâu, được cho là tự tử. Tuy nhiên, cuộc điều tra của Trang không suôn sẻ khi nhiều người xung quanh Lisa tỏ ra khó gần, không cởi mở về người quá cố.'),
(49, 'Xin Chào Mẫu Thân', 'PH21.jpg', '70 phút', 1, 12, 15, '2020-05-20', '2020-11-27', 5, 45, 45, 44, 'y2meta.com - ENGSUB【您好！母亲大人 The Last Goodbye To Mama】预告：董洁尹昉展现关于陪伴与离别的故事，10月13日温情上线 ！_ 董洁_尹昉_芦芳生 _ 家庭剧情片 _优酷YOUKU(360p).mp4', 1, 'Những ai yêu thích thể loại phim gia đình và đặc biệt là tình mẹ con thì Xin Chào Mẫu Thân Đại Nhân là tác phẩm đáp ứng được điều đó. Phim mở đầu bằng câu chuyện về hy vọng và tuyệt vọng xoay quanh cuộc sống hai mẹ con đến từ một thị trấn nhỏ ở Tô Bắc. Ding Xiao Jun, cậu bé vừa tròn 18 tuổi sống với mẹ Ding Bi Yun đã được nhận vào một trường đại học ở Bắc Kinh.   Tuy nhiên, ngay khi bước vào trường anh đã bị các bạn cùng lớp chế giễu là đồ nhà quê. Ding Xiao Jun bắt đầu chứng tỏ rằng mình không phải kẻ quê mùa nên đã nổi loạn, ăn chơi, tụ tập với những đứa hư đốn cho đến khi nhận được cảnh báo rằng mình sẽ không còn tốt nghiệp được nữa. May mắn thay, mẹ của anh ấy đã thông qua cho anh ấy kịp thời để anh ấy tự kéo mình lại với nhau và kiếm đủ tín chỉ để tốt nghiệp. Câu chuyện Xin Chào Mẫu Thân Đại Nhân cũng từ đây mà bắt đầu.  Tưởng chừng sau khi tốt nghiệp anh sẽ thoát khỏi vận may đen đuổi của mình nhưng với vòng xoáy cuộc đời anh bị lừa đảo và bị bỏ mặc để lang thang Nhật Bản như một kẻ ăn bám trong nhiều tháng liền. Bắt đầu hiểu được tất cả những khó khăn mà mẹ anh đã phải trải qua vì anh, Xiao Jun đã cố gắng gọi điện thoại đường dài cho bà để trở về nhà.  Trong đêm giao thừa năm 2010, Ding Xiao Jun biết rằng anh đã có một công việc ở Bắc Kinh. Tưởng chừng như sự khởi đầu hoàn hảo cho một chương mới trong cuộc đời anh thì lại gặp phải một tin khủng khiếp sẽ ảnh hưởng đến hai người phụ nữ quan trọng nhất trong cuộc đời anh. Ding Bi Yun được chẩn đoán mắc bệnh nan y. Ding Xiao Jun bây giờ phải đối mặt với hai lựa chọn? —Để tiếp tục xây dựng sự nghiệp của mình ở Bắc Kinh hay trở về nhà và ở với mẹ trong những ngày cuối cùng của bà…  Nhìn chung, Xin Chào Mẫu Thân Đại Nhân là bộ phim mang lại nhiều tình cảm lẫn nước mắt cho người xem, đặc biệt là người có cùng cảnh ngộ như nam chính. Phim nhẹ nhàng, lột tả được cái xã hội khắc nghiệt với một cậu sinh viên vừa bước vào đời và chỉ vì không nghe lời mẹ mình mà nếm trải bao nhiêu trái đắng.'),
(50, 'Vạch Tội', 'PH22.jpg', '45 phút', 1, 12, 15, '2020-03-13', '2020-08-13', 9, 47, 46, 45, '', 1, 'Chuyện phim Vạch Tội (Shadow Of Justice 2021) bắt đầu từ tổng thanh tra, tổ bảo vệ yếu nhân được chỉ huy bởi Âu Dương Thông (Âu Dương Chấn Hoa thủ vai). Đang trên đà thăng tiến và chuẩn bị thăng chức nhưng anh bất ngờ xảy ra tai họa, buộc anh phải xin điều chuyển công tác sang đơn vị mới, Bộ Giao thông Đông Cửu Long. Tại đây anh được nhận nhiều phi vụ phức tạp cùng với đồng đội Cảnh Ty Từ Hy Di (Vạn Ỷ Văn đảm nhận) thuộc tổ trọng án Đông Cửu Long. Như một cơ duyên cả hai càng lúc càng hiểu nhau sau mỗi vụ án, trở thành cặp bài trùng trong quá trình Vạch Tội các hung thủ gây án.  Bên cạnh đó, Âu Dương Thông luôn hết lòng quan tâm Thường Tiếu (Trần Oánh đóng) vì lời hứa với người quá cố. Nhưng Thường Tiếu lại tìm cách chống đối anh bởi luôn hiểu nhầm anh đang phát nát hạnh phúc gia đình của cô. Thương Tiếu luôn tin tưởng và ngày càng gần gũi với Đới Chính Quân (Mã Đức Chung thủ vai) - một luật sư nhưng lại có quan điểm về công lý hoàn toàn trái ngược với Âu Dương Thông, dù nhiều lần anh đã cảnh báo với cô về điều đó. Cụ thể, Chính Quân thường xuyên dùng cách lách luật để trừng trị kẻ ác trong khi Dương Thông là người luôn tuân thủ luật pháp. Nhân vật gây nên những phiền toái trong phim Vạch Tội chính là em trai của Quân tên Đới Chính Nhân (Ngao Gia Niên đảm nhận) chính là trùm xã hội đen. Nhằm tách Thường Tiếu ra khỏi anh em nhà họ Đới nên Dương Thông đã hợp tác với người yêu cũ của cô, nhưng mọi nỗ lực đều trở nên vô ích. Từ đây cuộc đấu trí cam go âm thầm bắt đầu trong phim Vạch Tội (Shadow Of Justice 2021).'),
(51, 'Bầu Trời Rực Đỏ ', 'PH23.jpg', '55 phút', 1, 12, 16, '2020-07-11', '2020-12-24', 11, 48, 47, 46, '', 1, 'Chuyện phim Bầu Trời Rực Đỏ kể về nàng họa sĩ duy nhất của triều đại Joseon - Hong Chun Gi (Kim Yoo Jung thủ vai) nàng bị mù bẩm sinh nhưng đã lấy lại được thị lực một cách thần kỳ. Nàng được nhiều người khen ngợi xinh đẹp, vẻ đẹp thanh thoát của một thiếu nữ đang ở tuổi mới lớn, tính cách tươi sáng. Đối với nàng hội họa là đam mê là tất cả đối với mình.  Một ngày kia nàng gặp một viên chức Ha Ram (Ahn Hyo Seop đóng) tại Seowoo Gwan, một văn phòng phụ trách thiên văn, địa lý, nghệ thuật bói toán, khí tượng học. Người có thể đọc được các vì sao mặc dù bị mất thị lực sau một tai nạn. Sau một thời gian tiếp xúc Hong Chun Gi bắt đầu nảy sinh tình cảm với anh và nàng chẳng quan tâm rằng anh ta bị mù.  Trong phim Bầu Trời Rực Đỏ còn có hai hoàng tử cũng đem lòng yêu thương nữ chính Hong Chun Gi là Hoàng tử Anpyeong (Go Myung thủ vai), người lãng mạn nhưng cô đơn nhiều năm trong khi đó Hoàng tử Sooyang (Kwak Si Yang đóng) lại là người đầy tham vọng và tàn nhẫn, một khi anh đã thích thứ gì sẽ chiếm đoạt cho bằng được.'),
(52, 'Phi Long Quá Giang', 'PH24.jpg', '60 phút', 1, 12, 18, '2020-04-24', '2020-10-22', 6, 49, 48, 47, '', 0, 'Phi long quá giang - Enter the Fat Dragon là bộ phim thuộc thể loại hành động, hài hước của Hồng Kông. Tác phẩm do đạo diễn Kenji Tanigaki chịu trách nhiệm chỉ đạo, với sự tham gia của các diễn viên Chân Tử Đan, Châu Lệ Kỳ, Jing Wong, Naoto Takenaka và Hiro Hayama.  Chân Tử Đan vào vai một cảnh sát thừa cân tên là Zhu, một anh chàng thật thà chất phác nhưng không phải lúc nào cũng nhạy bén. Vào đúng lúc được cho là gặp vị hôn thê Chloe của mình để chụp ảnh cưới, Zhu phát hiện ra mình đang ở hiện trường của một vụ cướp ngân hàng.  Một chuỗi các sự kiện của anh hùng lướt qua tâm trí anh, đã khiến anh lên một kế hoạch hành động, nhưng kế hoạch nhanh chóng sụp đổ khi anh tính toán sai về việc đứa trẻ sẵn sàng chia tay đồ chơi của mình để đưa Zhu sử dụng nó như một món vũ khí.  Zhu từng bị thúc đẩy bởi một cảm giác công lý không ngừng, nên anh ta đã đuổi theo và dẫn đến một chuỗi các hành động thú vị kết thúc với cảnh Zhu suýt cán phải sếp của mình bằng một chiếc xe tải.  Sau đó, cấp trên của Zhu đã giáng chức anh ta, cùng với việc hôn thê của anh ta huỷ bỏ hôn ước. Trong khoảng thời gian 6 tháng, Zhu đã tăng hơn 100 lbs vì ăn liên tục để quên đi sự buồn chán.  Khi một cơ hội tới để cứu vãn sự nghiệp của mình xuất hiện, Zhu đã chớp lấy cơ hội và được cử đến Nhật Bản để giúp dẫn độ một kẻ đào tẩu. Tất nhiên, kế hoạch trở nên tồi tệ, và Zhu buộc phải hợp tác với một cựu cảnh sát Hồng Kông tên là Thor, người mà anh ta sớm biết đang trải qua các vấn đề trong mối quan hệ của mình. Cùng với nhau, cả hai phải chống lại Yakuza của Nhật Bản trong khi nỗ lực giành lấy trái tim của người mà họ yêu.'),
(53, 'Dưới Bóng Mộc Miên ', 'PH25.jpg', '75 phút', 1, 11, 17, '2019-08-14', '2019-12-11', 5, 50, 49, 48, '', 1, 'Dưới Bóng Mộc Miên (Reuan Rom Ngiw 2021) xoay quanh câu chuyện xoay quanh Malaai (Pinky Savika Chaiyadej thủ vai) vô tình được sắp đặt vào cuộc hôn nhân với Luang Wisarn (Aun Witaya Wasukraipaisarn đóng), người sở hữu ngôi nhà Rom Ngiw. Nhưng cô lại không nhận ra rằng anh ta là một người đồng tính. Câu chuyện Dưới Bóng Mộc Miên cũng bắt đầu từ đây, liệu rằng khi phát hiện ra giới tính thật của chồng mới cưới của mình Malaai sẽ phản ứng như thế nào? Còn Luang Wisarn có thể bị vợ mình bẻ thẳng lại anh hay không? Hãy cùng theo dõi bộ phim Thái Lan này trên ssPhim.net né!'),
(54, 'Điềm Mật Mật', 'PH26.jpg', '118 phút', 1, 11, 18, '2019-07-19', '2019-12-20', 7, 51, 50, 49, 'y2meta.com - Comrades Almost Love Story - ĐIỀM MẬT MẬT - TRAILER(360p).mp4', 1, 'Điềm mật mật - Comrades: Almost a Love Story là một bộ phim tình cảm lãng mạn của Hồng Kông do đạo diễn Trần Khải Tân chịu trách nhiệm chỉ đạo, được công chiếu lần đầu vào năm 1996.   Tựa đề của bộ phim được lấy từ một bài hát rất được yêu thích của nữ ca sĩ Đặng Lệ Quân. Bộ phim nói về mối tình của hai người Trung Quốc đại lục nhập cư ở Hồng Kông, với dàn diễn viên chính gồm Lê Minh, Trương Mạn Ngọc, Tằng Chí Vĩ và Dương Cung như. Bộ phim giành được kỷ lục về số giải thưởng được trao tại giải thưởng điện ảnh Hồng Kông với 9 giải.  Năm 1986, Lý Tiểu Quân và Lý Kiều từ Đại Lục (Trung Quốc) tới Hồng Kông để lập nghiệp. Họ tình cờ gặp nhau tại McDonald ở Hồng Kông, khi đó Lý Kiều là nhân viên bán thời gian tại McDonald, còn Tiểu Quân thì đang phục vụ tại một sạp bán thịt. Thấy Tiểu Quân hiền lành, thật thà, Lý Kiều đã tìm cách kết bạn để dụ dỗ Tiểu Quân học tiếng Anh nhằm tăng tiền hoa hồng cũng như để dễ dàng nhờ vả những việc khác.  Dần tình yêu nảy sinh giữa hai người, họ từ ăn ở chung chuyển sang ngủ chung, dù cả hai vẫn luôn tự nhủ chúng ta chỉ là bạn thân do ngay từ đầu Tiểu Quân nói rằng anh đã có bạn gái ở quê.  Khi tình cảm phát triển đến đỉnh điểm, cả hai cảm thấy có lỗi với người yêu của Tiểu Quân ở quê nên họ đã quyết định chia tay. Tiểu Quân đón người yêu ở Đại Lục lên Hồng Kông để kết hôn, còn Lý Kiều lại sống cùng một tên đại ca giang hồ giàu có (Pao) để tiếp tục giấc mộng làm giàu.  Tuy nhiên, sâu thẳm trong lòng mỗi người, vẫn luôn giữ cho nhau những tình cảm thầm kín. Cho đến một ngày, họ cảm thấy không thể dối lòng được nữa nên đã bàn bạc nhau rằng Tiểu Quân sẽ ly hôn vợ và Lý Kiều sẽ chia tay người tình đại gia.   Tuy nhiên, vì không nỡ phụ tình Pao, một người cũng rất thương Lý Kiều và đang bị truy nã, Lý Kiều đã quyết định phụ tình Tiểu Quân để đi theo Pao sang Mỹ mà không một lời từ biệt với Tiểu Quân. Tiểu Quân rất đau khổ, anh chọn ly hôn vợ vì thà sống độc thân chứ không muốn lừa dối vợ mình.  Năm 1993 tại Mỹ, Tiểu Quân làm đầu bếp cho nhà hàng người quen, còn Lý Kiều thì sống cuộc sống trốn chui trốn lủi cùng Pao, sau đó Pao bị bọn côn đồ bắn chết khi Lý Kiều cảm thấy đau buồn. Một lần tình cờ khi Lý Kiều trên xe Taxi về lại Hồng Kông do bị trục xuất thì thấy thấp thoáng Tiểu Quân đang giao hàng nên cô chạy theo, tuy không đuổi kịp Tiểu Quân nhưng đã thoát khỏi cảnh sát hộ tống cô trục xuất.   Vào năm 1995, ca sĩ yêu thích của 2 người là Đặng Lệ Quân qua đời, Tiểu Quân đứng trước tiệm Tivi để theo dõi tin tức về Đặng Lệ Quân thì tình cờ gặp lại Lý Kiều người cũng đang đứng xem tin tức tại đó.'),
(55, 'Trận chiến Scheldt', 'PH27.jpg', '110 phút', 1, 11, 19, '2019-09-03', '2019-12-10', 6, 52, 51, 50, '', 3, 'Trận chiến sông Scheldt - The Forgotten Battle là bộ phim thuộc thể loại tâm lý chiến tranh của Đức. Tác phẩm do Matthijs van Heijningen Jr. chịu trách nhiệm chỉ đạo, với sự tham gia của các diễn viên Gijs Blom, Jamie Flatters và Susan Radder.  Bộ phim mở đầu với thông tin rằng quân Đức đã bị buộc ở lại và cảng Antwerp đã được giải phóng. Họ vẫn chiếm đóng Scheldt, nơi cần được giải phóng để lực lượng đồng minh tiến lên phía trước.  Đó là vào tháng 6 năm 1994 tại Normany do Đức chiếm đóng, Teuntje Visser (Susan Radder) là con giá của một bác sĩ cũng đang điều trị cho lính Đức. Anh trai của cô là Dirk (Ronald Kalter) cảm thấy ghét quân đức và ném đá vào một chiếc ô tô, khiến lính Đức mất lái và đâm vào ba người linh đồng đội.  Anh ta buộc phải chạy trốn, phân cảnh sau đó là sự xuất hiện của William Sinclair (Jamie Flatters), một phi công lái máy bay chiến đấu cho lực lượng của Anh. Chàng trai trẻ đầy năng lượng đã nói dối để được cùng các chiến hữu của mình lên đường tới Arnhem cho những nỗ lực giải phóng.  Cùng tham gia cuộc chiến đó là Marinus van Staveren (Gijs Blom), một người lính của Đức Quốc xã chiến đấu trên tiền tuyến. William và đoàn quân đổ bộ xuống đất, anh trai của Teuntje được tiết lộ là một phần của quân kháng chiến và bị bắt ngay cả khi PTSD từ cuộc kháng chiến ảnh hưởng tới Marinus.  Những chuyện xảy ra sau đó là cả một bi kịch. Bộ phim đã tái thành công trong việc khắc hoạ hiện thực tàn khốc của chiến tranh, khi chúng ta thấy được những nỗi đau của người lính nơi tiền tuyến.'),
(56, 'Cảnh Báo', 'PH28.jpg', '65 phút', 1, 11, 20, '2019-05-09', '2019-11-28', 6, 53, 52, 51, '', 5, 'Cảnh báo - Warning là bộ phim kinh dị khoa học viễn tưởng năm 2021 do đạo diễn Agata Alexander chịu trách nhiệm chỉ đạo, với phần kịch bản được chắp bút bởi Alexander, Jason Kaye và Rob Michaelson. Phim có sự tham gia của các diễn viên Alex Pettyfer , Alice Eve , Annabelle Wallis , Benedict Samuel và Charlotte Le Bon.  Bộ phim xoay quanh một phi hành gia tên là David (Thomas Jane) đã phát hiện ra rằng mình đang bay lơ lửng trong không gian sau một vụ tai nạn. Một tay buôn người máy (Tomasz Kot) đang gặp khó khăn trong việc tìm nhà cho một con người máy lầm lì tên là Charlie (Rupert Everett), người rất thích kể những câu chuyện phiếm.  Một người phụ nữ (Alice Eve) dựa vào một thiết bị thông minh được gọi là thần để hướng dẫn tâm linh và trở nên lạc lối khi nó bị hỏng. Một người đàn ông (Patrick Schwarzenegger) đang gặp phải rắc rối với người bạn gái cũ của mình (Kylie Bunbury) thông qua thiết bị VR.  Một người đàn ông bất tử (Alex Pettyfer) đưa bạn gái phàm trần của mình (Annabelle Wallis) về nhà để ra mắt gia đình. Và một người phụ nữ trẻ (G GP Marillier) đồng ý với một khoản chi phí để cho thuê cơ thể của mình theo yêu cầu của người đàn ông, ý thức của anh ta sẽ nhập vào cô và cho phép anh ta tận hưởng một đêm ở thị trấn. Sau khi những câu chuyện này được kể lại, một sự kiện lớn xảy ra và kết thúc mọi thứ.'),
(57, 'Hành Tinh Cát', 'PH29.jpg', '70 phút', 1, 11, 13, '2019-06-07', '2019-11-17', 8, 54, 53, 52, '', 2, 'Bộ phim lấy bối cảnh tương lai vào năm 10191 tại một hành tinh xa xôi, khô cằn và khắc nghiệt, Công tước Leto Atreides nhận nhiệm vụ quản lý hành tinh sa mạc nguy hiểm Arrakis, hay còn được gọi là Dune - Hành tinh cát, nguồn khai thác duy nhất ở đây là loại hương dược Spice, vốn được xem là sức mạnh siêu quý giá nhất vũ trụ vì nó giúp con người sống lâu hơn, tăng cường khả năng suy nghĩ siêu việt cũng như có thể di chuyển nhanh hơn tốc độ ánh sáng.  Dù Leto biết rằng đây là một cái bẫy tinh vi do kẻ thù của mình dựng sẵn, nên ông đã đưa người vợ lẽ lâu năm là Lady Jessica (Rebecca Ferguson) và Paul (Timothée Chalamet) là cậu con trai thừa kế và những thuộc hạ đáng tin cậy tới hành tinh kỳ lạ Arrakis để tìm kiếm Spice. Họ hy vọng rằng loại hương dược thần kỳ này có thể đảm bảo sự thịnh vượng trong tương lai cho gia đình và người dân của mình.  Các thế lực độc ác cũng không bỏ qua tài nguyên quý giá này và Paul Atreides với tài năng thiên phú buộc phải vượt qua nỗi sợ hãi để đối đầu với thử thách và hoàn thành nhiệm vụ. Leto nhanh chóng chiếm được quyền khai thác các mỏ, vốn trở nên nguy hiểm khi xuất hiện các con giun cát khổng lồ.  Một sự phản bội đã đưa Paul cùng Jessica tới Fremen, tại đây có những người bản địa của Arrakis ẩn náu sâu trong vùng sa mạc. Paul bất đắc dĩ trở thành vị cứu tinh, quyết giành lấy cơ hội sống sót và nắm lấy số phận của mình.'),
(58, 'Kẻ Truy Tìm', 'PH30.jpg', '60 phút', 1, 11, 16, '2019-09-12', '2019-12-28', 9, 55, 54, 53, '', 1, 'Chuyện phim Kẻ Truy Tìm bắt đầu từ người đàn ông tên Hwang Dong Joo (Im Si Wan thủ vai), anh hiện là trưởng bộ phận thuế 5 của Cục Thuế Quốc gia. Chuyên môn của anh là phát hiện hành vi trốn thuế bằng cách truy vết các giao dịch tài chính, theo đó tố giác các quỹ hoạt động bất hợp pháp. Nhóm của anh ấy bao gồm Seo Hye Young (Go Ah Sung thủ vai), cô gái có tính cách tươi sáng và sếp của anh ấy là Oh Young (Park Yong Woo đảm nhận). Về sau Hwang Dong Joo phát hiện ra một bí mật rằng In Tae Joon (Son Hyun Joo đóng) chính là giám đốc của văn phòng thuế khu vực. Anh ta là một người đầy tham vọng, người đã đạt được đỉnh cao của mình thông qua các hoạt động tham nhũng và bất hợp pháp, trong khi vẫn duy trì thái độ tự mãn của mình. Lúc này Hwang Dong Joo quyết định trở thành Tracer (Kẻ Truy Tìm) để đưa bộ mặt thật của anh ta ra ánh sáng.'),
(59, 'Bà Đồng', 'PH31.jpeg', '80 phút', 1, 11, 17, '2019-07-16', '2019-12-18', 10, 56, 55, 54, '', 2, 'Đối với The medium - bộ phim kinh dị mới nhất mang sự kết hợp giữa điện ảnh Thái Lan và Hàn Quốc, khai thác chủ đề tâm linh tín ngưỡng, Shaman giáo. Bộ phim mang đến cho người xem một trải nghiệm đậm chất kinh hoàng và ám ảnh cả về tâm lý lẫn hình ảnh. Bộ phim được quay theo hình thức giả lập phim tài liệu khá cuốn hút và tạo cảm giác chân thật. Trong The medium, câu chuyện được khai thác nhiều lớp, kể về một đoàn làm phim tài liệu vì tò mò với chủ đề tâm linh nên đã tìm về một vùng quê phía Bắc của Thái Lan để làm phóng sự về Nim - một bà đồng nổi tiếng tại Thái Lan. Nim được cho là được Bayan nhập, có khả năng chữa lành, giải trừ vận hạn cho người dân nơi đó. Bayan ở đây là một vị thần cổ xưa được dân địa phương thờ phụng, đã nhập vào nhiều người trong gia tộc Nim.'),
(60, 'Chiến Thần Đồ Ma ', 'PH32.jpg', '55 phút', 1, 11, 15, '2019-08-23', '2019-12-21', 11, 57, 56, 55, '', 1, 'Chiến thần đồ ma - Fighting Darksider là bộ phim thuộc thể loại hành động, cổ trang, giả tưởng của Trung Quốc. Tác phẩm do Hướng Khải chịu trách nhiệm chỉ đạo, với sự tham gia của các diễn viên Shao Yun, Miu Tse, Long Yang Yang và Bily.  Hai mươi năm trước, xuất hiện một bộ tộc hắc ám tấn công loài người, chiến thần Trương Xích Viêm đã không ngần ngại hy sinh bản thân để đánh thức Thần Kiếm, sau đó thành công đánh đuổi hắc ám. Sau nhiều năm chờ đợi thời cơ, giờ đây bộ tộc hắc ám đã trỗi dậy, đang chuẩn bị tấn công loài người.  Để ngăn chặn thảm hoạ lớn này, các thế hệ sau của chiến thần là  Trương Kha, Vân Linh và Phúc Hỉ đã bắt tay vào việc đánh thức Thần Kiếm. Trên con đường chiến đấu trải qua vô vàn hiểm nguy, Trương Kha và Vân Linh đã dần nảy sinh tình cảm. Trương Kha cũng dần trưởng thành hơn và trở thành chiến thần mới, trong trận đại chiến cuối cùng đã đánh thức được thần kiếm, lãnh đạo tộc người tiêu diệt thế lực hắc ám. '),
(61, 'Siêu Sao Siêu Ngố', 'PH33.jpg', '65 phút', 1, 10, 14, '2017-10-20', '2018-02-16', 7, 58, 57, 56, '', 3, 'Siêu Sao Siêu Ngố là bộ phim hài tình cảm, với sự xuất hiện của danh hài Trường Giang cùng lúc đóng hai vai. Thế Sơn và Thế Tùng là hai anh em sinh đôi bị chia cắt vì cha mẹ chia tay. Người anh Thế Sơn sống cùng cha, trở thành một ngôi sao nổi tiếng với hàng triệu người hâm mộ. Người em Thế Tùng thì an phận nuôi heo ở quê nhà. Khi công việc bận rộn đến mức không có thời gian để nghỉ ngơi, Thế Sơn được ông bầu Tony Dũng (Đức Thịnh) “cố vấn” thuê em trai trở thành thế thân, đảm nhiệm những dự án nhỏ. Sau nhiều lần “làm mình làm mẩy”, Thế Tùng cũng đồng ý giúp đỡ anh mình. Thế nhưng, những mâu thuẫn và rắc rối cũng dần nảy sinh bởi tính cách hai anh em quá khác nhau. Thế Sơn là người cẩn trọng, đứng đắn trong khi Thế Tùng lại rất vui vẻ và ham chơi. Không dừng lại ở đó, căng thẳng giữa hai anh em ngày càng trở nên nghiêm trọng hơn khi Thế Tùng nảy sinh tình cảm với cô bạn gái của anh mình. Vì những rắc rối do em mình gây ra, Thế Sơn bị buộc phải lựa chọn giữa con đường danh vọng và người mình yêu - trở thành người yêu của cô siêu sao lắm tiền nhiều của và bước lên đỉnh vinh quang hay trở lại làm một diễn viên bình thường chẳng mấy ai săn đón. Do đạo diễn Đức Thịnh ngồi ghế chỉ đạo, ngoài danh hài quốc dân Trường Giang, Siêu Sao Siêu Ngố còn quy tụ nhiều diễn viên nổi tiếng khác như Sam, Thanh Thúy, Đức Thịnh…  Phim khởi chiếu vào Mùng 1 Tết Mậu Tuất 2018.'),
(62, 'Gia Đình Siêu Nhân', 'PH34.jpg', '115 phút', 1, 10, 13, '2018-03-16', '2018-10-19', 5, 59, 58, 57, 'y2meta.com - (Official Trailer) GIA ĐÌNH SIÊU NHÂN 2 _ KC 15.06.20182018(360p).mp4', 1, 'Gia đình siêu nhân (tựa tiếng Anh: The Incredibles) là một bộ phim hoạt hình máy tính (3D) thuộc thể loại siêu anh hùng được Pixar Animation Studios sản xuất và hãng Walt Disney Pictures phát hành. Phim được Brad Bird, một cựu đạo diễn và cố vấn điều hành trong chương trình The Simpsons, viết kịch bản và đạo diễn. Bộ phim có sự tham gia của các diễn viên lồng tiếng Holly Hunter, Craig T. Nelson, Sarah Vowell, Spencer Fox, Jason Lee, Samuel L. Jackson và Elizabeth Peña.  Bộ phim nói về gia đình siêu anh hùng Parr, mỗi người có một khả năng khác nhau. Sau khi chính phủ ra lệnh các siêu anh hùng phải sống ẩn dật trong đời thường, Robert Parr (Craig T. Nelson), trước kia là siêu anh hùng có biệt danh là \"Mr. Incredible\", đã sống lại những ngày huy hoàng của mình sau lưng gia đình. Đồng thời, các con của anh đã cảm nhận được những khả năng của chúng trong khi vợ anh nghi ngờ các hoạt động của anh.');
INSERT INTO `phim` (`ID`, `TenPhim`, `Anh`, `ThoiLuong`, `SoTap`, `PhimLe`, `QuocGia`, `NamSanXuat`, `NgayCongChieu`, `TheLoai`, `DaoDien`, `DienVien`, `DienVien2`, `Video`, `LuotXem`, `MoTa`) VALUES
(63, 'Thảm Họa Thiên Thạch', 'PH35.jpg', '120 phút', 1, 10, 13, '2018-08-10', '2018-12-12', 8, 60, 59, 58, '', 5, 'Một chùm sao chổi từ hệ mặt trời khác đã rơi xuống trái đất gây nên thảm hoạ diệt vong ở cấp độ toàn cầu. Gia đình Garrity là một trong số ít được chọn bởi chỉnh phủ để có thể đi vào hầm trú ẩn tận thế được đặt tại Greenland. Nhưng sự cố đã xảy ra, họ đã không lên được máy bay và bị lạc nhau. Thế giới rơi vào cảnh điêu tàn, hỗn loạn, xã hội mất đi trật tự vốn có, bạo loạn cướp bóc và bạo động. Cả gia đình vừa phải tìm lại nhau, vừa phải tìm cách sống sót qua thảm hoạ tận thế.  Cốt truyện phim Greenland : Thảm hoạ thiên thạch khá đơn giản, không có nhiều điểm mới lạ. Đã có khá nhiều bộ phim về thiên tai khai thác chủ đề gia đình, nhưng điểm khác biệt của phim là khai thác tâm lý và hơn 90% tập trung vào các thành viên trong gia đình. Điều này vừa giúp tiết kiệm chi phí cho những phân cảnh hiệu ứng, vừa kết nối được cảm xúc của khán giả với các nhân vật trong phim một cách hiệu quả. Qua chặng đường của mỗi thành viên trong gia đình Garrity, người xem có dịp cảm nhận thực tại kinh hoàng, khi mà người tốt bị tha hoá bởi nỗi lo sợ, sự tuyệt vọng nhấn chìm mọi thứ khi con người ở bên bờ vực diệt vong. Nhưng giữa màn đêm tối của cảnh tương tàn, vẫn còn lại những khoảnh khắc ngược dòng để nhận ra phần người vẫn còn tồn tại và tình người lại rực sáng, đây là điểm mấu chốt cho những giai đoạn hậu tận thế, để con người có thể tiếp tục tồn tại và tái xây dựng lại xã hội.'),
(64, 'Mê Cung Ký Ức', 'PH36.jpg', '110 phút', 1, 10, 20, '2018-05-11', '2018-11-10', 9, 61, 60, 59, '', 2, 'Trong một vụ cướp, Simon - một nhân viên của phiên đấu giá, đã bị giáng một đòn mạnh vào đầu và tỉnh dậy trong bệnh viện với chứng hay quên. Chỉ có anh ta biết bức tranh có giá vài triệu đô la được đặt ở đâu.  Bọn tội phạm đã bắt cóc anh ta, nhưng vì không nhận được câu trả lời, họ thuê nhà thôi miên Elizabeth, người có thể lấy bất cứ thứ gì từ trí nhớ của anh ta. Đây là một bộ phim hấp dẫn, nơi các sự kiện diễn ra nhanh chóng đến mức nó thổi bay ý nghĩ của bạn.'),
(65, 'Đặc Quyền', 'PH37.jpg', '107 phút', 1, 10, 19, '2018-03-06', '2018-11-18', 10, 63, 61, 60, '', 1, 'Đặc quyền - The Privilege (2022) là bộ phim thuộc thể loại chính kịch, kinh dị, bí ẩn của Đức. Tác phẩm do đạo diễn Felix Fuchssteiner, Katharina Schöde chịu trách nhiệm chỉ đạo, với sự tham gia của các diễn viên Max Schimmelpfennig, Lea van Acken và Tijan Marei.  Finn đã sống sót sau một chuyện tồi tệ khi anh ta còn là một đứa trẻ: Em gái tuổi teen của anh ta đã phát điên và cố gắng đưa anh ta theo khi cô lao mình xuống cầu. Vài năm trôi qua, Finn (Max Schimmelpfennig) là một học sinh trung học đang đối mặt với tâm lý thất vọng của vụ việc. Anh ta phải trải qua một loạt các bài kiểm tra căng thẳng y tế và tương tự, các bác sĩ nói với anh ta rằng chấn thương đã làm hỏng não của anh ta.  Có lẽ những điều này là lý do tại sao anh ta là người trầm tính và hay suy ngẫm, một kẻ bị ruồng bỏ ở trường. Nhưng anh ta có một người bạn thân là Lena (Lea van Acken), và cô gái dễ thương Samira (Tijan Marei) đang đứng nhìn và không thể ngưng mỉm cười.  Finn chỉ còn vỏn vẹn sáu tháng nữa tốt nghiệp, và chúng ta biết điều này vì Lena đã nói rằng liệu có thể sáu tháng nữa là tốt nghiệp không? Sau đó Finn và Lena đã nghe một bài giảng điên rồ về loại nấm chiếm lấy não của kiến và mọc ra từ đỉnh đầu của chúng và biến chúng thành thây ma.  Samira có thể không quan tâm nếu cô ấy biết về vấn đề của Finn. Anh ta bị ảo giác điên cuồng, mộng du, nghĩ về những thứ rùng rợn và ghi vào sổ tay của mình. Bố mẹ của anh ta cực kỳ giàu có, với một trong các ngôi nhà hiện đại với hệ thống an ninh công nghệ cao và cửa sổ kính. Mọi thứ trở nên kỳ lạ khi Finn thức dậy vào lúc nửa đêm, chứng kiến một nghi lễ lạ liên quan đến người chị song sinh Sophie (Milena Tscharntke) và cha mẹ của anh ấy, nhưng đó chắc hẳn chỉ là một giấc mơ viển vông?'),
(66, 'Nộ Hoả', 'PH38.jpg', '126 phút', 1, 10, 18, '2018-04-12', '2018-11-26', 6, 64, 62, 61, '', 3, 'Siêu sao phim hành động Chân Tử Đan hóa thân vào một thám tử Hồng Kông liêm khiết trong tác phẩm mới. Câu chuyện quen thuộc về một cảnh sát trung thực va chạm với một tên tội phạm vốn là đồng nghiệp cũ do Tạ Đình Phong thủ vai.  Danh dự và lòng trung thành là chủ đề trung tâm của câu chuyện, đi vào lịch sử của các bộ phim đẫm máu. Bong (Chân Tử Đan) vốn là một thám tử bị ám ảnh bởi sự cố liên quan đến người bảo vệ Ngô (Tạ Đình Phong). Khi một nghi phạm chết trong cuộc thẩm vấn cách đây 3 năm, chính lời khai thành thật của Bông đã huỷ hoại sự nghiệp của Ngô và anh ta bị kết án tù.  Kể từ khi được thả ra sau khi chịu án, Ngô đã nổi lên như một kẻ cầm đầu máu lạnh của một băng nhóm bao gồm những cảnh sát bị truy bắt vì cùng một tội danh. Kỹ năng, chiến thuật và sự chuyên nghiệp của họ được thể hiện trong một cuộc đấu súng gay cấn tại trung tâm mua sắm hiến tám cảnh sát thiệt mạng, bao gồm cả cố vấn của Bong và người bạn thân nhất là Yiu (Liu Leung Wai).  Có lẽ nhiều khán giả đoán rằng Bông và Ngô cuối cùng cũng phải đối mặt với nhau trong một trận chiến sinh tử, nhưng điều đó không làm cho cốt truyện mở đầu bớt đi phần hấp dẫn. Trên chiến trường, Bông bắt đầu cuộc tìm kiếm Ngô bằng cách tham gia vào đội cầm đầu chuyên dùng dao trong một khu ổ chuột ở bến tàu.  Sau đó xảy ra một cuộc rượt đuổi kịch tính trên vỉa hè đông đúng và kết thúc trên xa lộ với màn đấu võ giữa Bông và Ngô trong khi cảnh sát đang cầm lái ô tô và đối thủ của anh ta đang đi xe máy.   Xen kẽ giữa các phân cảnh hành động nghẹt thở là những tình tiết làm sáng tỏ những sự kiện đã đẩy Bông và Ngô đến thời điểm cùng cực của cuộc đời. Phần lớn các chi tiết tập trung vào ST Fok (Samuel Kwok), một ông trùm ngân hàng có mối quan hệ thân thiết với cảnh sát và có quyền lực trong giới doanh nhân Hồng Kông.  Bộ phim có nhiều phân cảnh hồi tưởng mà không khai thác nhiều nội dung hơn về Bong và người vợ đang mang thai của mình là Ying (Qin Lan). Giống như nhiều người vợ ủng hộ chồng trong các bộ phim về cảnh sát Hồng Kông khác, vai chính của Ying bị bắt cóc khi tình tiết xoay vần.  Nhưng đó cũng chỉ là chi tiết nhỏ để tạo ra một tấm nền để Bong thực hiện các phân cảnh hành động quyết liệt của mình. Cho dù là nhảy tử ban công lên ô tô đang di chuyển, đâm xuyên qua trần nhà hay đối đầu bằng tay và chân thì với người đàn ông đã 57 tuổi vẫn là điều đáng kinh ngạc.'),
(67, 'Đi tìm Phong', 'PH39.jpg', '60 phút', 1, 10, 14, '2018-04-08', '2018-10-12', 7, 65, 63, 62, '', 4, 'Bộ phim “Finding Phong” (Đi Tìm Phong) đã chính thức có “giấy khai sinh” tại Việt Nam dù ra đời từ năm 2014. Sau chặng \"đường vòng\" ra mắt - phim tài liệu về người chuyển giới \"Finding Phong\" đã được nhận phát hành rộng rãi tại các cụm rạp bắt đầu từ ngày 12/10/2018.  Hành trình tìm lại chính mình có nhiều nước mắt   \"Finding Phong\" (Đi tìm Phong) là bộ phim tài liệu xoay quanh nhân vật chính Lê Ánh Phong (sinh năm 1988, tại Quảng Ngãi). Từ nhỏ, Phong đã không giống những bạn bè đồng trang lứa. Sinh ra trong hình hài của một cậu con trai nhưng tâm sinh lý của Phong lại giống như một bé gái.  Khát khao muốn tìm lại chính con người thật của mình, được sống dưới hình hài của một cô gái trong con người Ánh Phong ngày càng lớn. Sau bao nhiêu đấu tranh tâm lý, thuyết phục gia đình, Phong đã bỏ qua những áy náy vì đã giết chết một người đàn ông trong chính mình để quyết tâm sinh ra một người phụ nữ.'),
(68, 'Chúc Khanh Hảo ', 'PH40.jpg', '75 phút', 1, 10, 15, '2018-09-04', '2018-12-22', 11, 66, 64, 63, '', 3, 'Chúc Khanh Hảo bắt đầu từ Cẩm Y Vệ Thẩm Yến (Viên Băng Nghiên đóng), người luôn tỏ vẻ lạnh lùng có võ công cao cường. Vốn là một nam nhân thâm trầm kiêu ngạo, nhưng nội tâm vô cùng ấm áp. Một ngày nọ, chàng tình cờ gặp được Trường Nhạc quận chúa Lưu Linh (Viên Băng Nghiên thủ vai), mỹ nhân hiếm có khó tìm, nàng quyến rũ nhưng lại vừa ngổ ngáo vừa bá đạo. Lưu Linh ngay sau đó đã phải lòng, si mê cực độ Thẩm Yến, nàng quyết định theo đuổi một cách không kỷ cương, phép tắc và thậm chí làm náo loạn cả thiên hạ lúc bấy giờ. Chuyện tình Chúc Khanh Hảo cùng từ đây mà bắt đầu, cả hai bắt đầu câu chuyện truy đuổi thú vị muôn màu muôn vẻ.  Thực chất, phim mới Chúc Khanh Hảo được chuyển thể từ bộ tiểu thuyết Đại nhân cẩm y vệ của ta của tác giả Y Nhân Khuê Khuê. Nếu đúng như cốt truyện tiểu thuyết thì phim hứa hẹn sẽ mang đến chuyện tình cảm động và không kém phần hài hước của cặp đôi chính Lưu Linh và Thẩm Yến.'),
(69, 'Mẹ Chồng', 'PH41.jpg', '90 phút', 1, 9, 14, '2017-04-05', '2017-11-22', 5, 67, 65, 64, 'y2meta.com - (Official Trailer) MẸ CHỒNG-(480p).mp4', 3, 'Bộ phim Mẹ chồng 2017 lấy bối cảnh lại làng Đại Điền ở thập niên 50 với nội dung xoay quanh kịch của gia đình nhà họ Huỳnh do bà Hai Lịnh (Diễm My đóng vai) đứng đầu. Một câu chuyện về mâu thuẫn của mẹ chồng và nàng dâu về việc sinh con nối dõi cho dòng họ và những âm mưu tranh giành quyền lực giữa những người phụ nữ trong gia đình.  Thanh Hằng trong vai Ba Trân - cô gái xinh đẹp ngọt ngào trong tà áo bà ba thướt tha trên đường làng và luôn khao khát có được một tình yêu hạnh phúc như những người con gái khác. Nhưng mọi thứ đã thay đổi con người cô kể từ lúc trở thành con dâu của Hai Lịnh và phải cam chịu sự cay nghiệt của mẹ chồng vì không thể sinh con nối dõi và phải san sẻ tình cảm của chồng với người vợ thứ hai là Bảy Loan (Ngọc Quyên thủ vai).  Về sau, khi Ba Trân sinh được con trai Hai Phước (Lâm Vinh Hải thủ vai) nhưng lại bị bệnh tâm thần, lúc này Ba Trân đã lấy đi quyền hạn của bà Hai Lịnh và trở thành mợ cả đầy quyền lực. Câu chuyện không thể sinh con nối dõi lặp lại nên Ba Trân mới cưới thêm người vợ thứ hai cho Hai Phước.  Mâu thuẫn giữa mẹ chồng nàng dâu và tranh giành quyền lực bắt đầu diễn ra và những âm mưu và thủ đoạn ấy rất hiểm độc kể cả giết người.'),
(70, 'Hố Đen Tử Thần', 'PH42.jpg', '100 phút', 1, 9, 19, '2017-04-06', '2017-10-08', 8, 68, 66, 65, '', 1, 'Hố Đen Tử Thần - Interstellar xoay quanh câu chuyện về một cuộc phiêu lưu của một nhóm nhà thám hiểm. Bọn họ đã sử dụng một lỗ sâu mới được phát hiện để có thể tìm kiếm và vượt qua được những giới hạn trong việc du hành vũ trụ của con người và chinh phục những khoảng cách rộng lớn trong chuyến du hành giữa các vì sao rộng lớn bên ngoài vũ trụ.'),
(71, 'Đứa Bé Mất Tích ', 'PH43.jpg', '80 phút', 1, 9, 20, '2017-02-09', '2017-08-12', 9, 69, 67, 66, '', 1, 'Đứa Bé Mất Tích - Gone Baby Gone khi Amanda bốn tuổi mất tích, dì Beatrice của cô đã thuê các thám tử Angie và Patrick để theo dõi cô. Tuy nhiên, bộ đôi này phải đối mặt với những kẻ ấu dâm, băng đảng và các giao dịch ma túy trong quá trình hoạt động tìm kiếm của họ.'),
(72, 'Giao Ước Chết', 'PH44.png', '95 phút', 1, 9, 17, '2017-08-18', '2017-12-22', 10, 70, 68, 67, '', 2, 'Giao Ước Chết - The Promise xoay quanh câu chuyện về Ib và Boum là hai người bạn thân từ nhỏ cũng là những tiểu thư nahf tài phiệt, tuy nhiên, cả hai đã mất tất cả khi 2 người cha của bọn họ phá sản. Vì thế, Ib đã quyết định tự sát, còn Boum vì quá sợ hãi nên đã bỏ trốn và đem nỗi đau day dứt trong suốt 20 năm. Tuy nhiên, một lời hứa với cô bạn thân vẫn đeo bám cô ngay cả khi cuộc sống ổn định và sự nghiệp thành công của Boum. Giao Ước Chết - The Promise Sau đó, cô có gia đình và sinh ra được một cô con gái Bell, nhưng dần dần Bell có những biểu hiện kỳ lạ, giống như một thế lực bí ẩn lấy cắp linh hồn và dẫn cô bé đi đến đúng nơi mà Ib đã tự sát năm xưa. Sau đó, cả hai mẹ con còn phải đối mặt với nhiều sự kiện kinh hoàng, liệu có phải lời hứa trước đây nên khiến hai mẹ con phải trả giá?'),
(73, 'Cung Tâm Kế', 'PH45.jpg', '50 phút', 1, 9, 18, '2017-08-16', '2017-12-14', 11, 71, 69, 68, '', 3, 'Ngoài Thâm Cung Nội Chiến, Cung Tâm Kế cũng là một trong những phim cung đấu thành công và xuất sắc nhất mà hãng phim TBV Hong Kong từng thực hiện. Với kinh phí khổng lồ cùng sự xuất hiện của những cái tên “bảo chứng” cho tỷ suất người xem như” Xa Thi Mạn, Dương Di, Trần Hảo,... Cung Tâm Kế tạo nên cơn sốt ngay từ những tập đầu tiên được phát sóng.  Cung Tâm Kế là bộ phim cung đấu xuất sắc đến từ hãng phim TVB Hong Kong  Bộ phim nói về mối quan hệ tỷ muội giữa Kim Linh và Tam Hảo - hai cô gái là tỷ muội nhưng lại có những tính cách và nhân sinh quan khác biệt. Một Tam Hảo nhân hậu, thiện lương và một Kim Linh lanh lợi, thông minh nhưng lại đầy dã tâm. Trong cuộc chiến chốn hậu cung này, người chiến thắng chưa chắc đã là người hạnh phúc nhất!'),
(74, 'Ngày Mai Mai Cưới', 'PH46.jpg', '88 phút', 1, 9, 14, '2017-02-17', '2017-11-12', 5, 72, 70, 69, 'y2meta.com - Ngày Mai Mai Cưới_Official Trailer_KC 29.09.2017(360p).mp4', 1, 'Ngày Mai Mai Cưới xoay quanh câu chuyện của 4 người bạn thân chơi với nhau từ khi lọt lòng. Một cô nàng tomboy (Mai) muốn trở thành cảnh sát nhưng lại bị ép học kế toán. Một anh chàng cà lăm muốn trở thành ca sỹ nhưng lại bị ép đi nuôi nghêu. Một anh chàng muốn làm nhà thám hiểm đại dương nhưng lại bị ép đi chở đá thuê. Một anh chàng muốn trở thành tỷ phú đô la nhưng gia đình lại muốn cho đi tu. Hoàn cảnh ngày càng trớ trêu khi Mai bị ba mẹ ép lấy chồng, các “ứng cửu viên” sáng giá mà ông bà lựa chọn đều là các anh giáo viên và vận động viên “chuẩn Bôn sê vích” nhưng độ “men lì” có khi còn chưa bằng Mai. Thế rồi “người ấy” xuất hiện với phong cách chuẩn “soái ca ngôn tình”, khiến Mai “đổ không cần đỡ”. Bộ phim dựa theo cốt truyện của series nổi tiếng “Get Married” ra mắt năm 2007 tại Indonesia, đạt 1,4 triệu người xem chỉ trong vòng 2 tháng.'),
(75, 'Ma Nữ Tìm Chồng', 'PH47.jpg', '60 phút', 1, 9, 17, '2017-06-09', '2017-11-22', 10, 73, 71, 70, '', 2, 'Bộ phim được nối tiếp phần 1 phát hành năm 2012 khi nhóm các nam sinh của trường trung học tuy rất sợ ma nhưng vẫn muốn khám phá nhiều bí ẩn. Ở phần 1, họ đã đụng độ oan hồn của 1 nam sinh cùng với 3 thầy cô giáo thì đến phần 2, họ sẽ bị cuốn về quá khứ và gặp ma nữ truyền thuyết Thái Lan: ma NAK.    Nếu như ở PEE-MAK (Tình Người Duyên Ma), các bạn chứng kiến mối tình cảm động thì sang Make Me Sudder 2, mọi chuyện lại khác hẳn. Họ phải giúp Nak tìm chồng cô, nếu họ không muốn bị Nak ám suốt đời. Bộ phim đôi lúc sẽ khiến người xem “rợn tóc gáy” với hình ảnh và những tình tiết rùng rợn nhưng với những tình tiết vừa vui nhộn hứa hẹn sẽ mang đến cho các bạn những phút giây thư giãn vô cùng thú vị! Nếu bạn không quá can đảm để xem những bộ phim kinh dị \"cấp độ cao\" thì đây có thể là một lựa chọn tốt, vừa hài hước nhưng vẫn đem lại cho bạn nhiều trải nghiệm thú vị.'),
(76, 'Đội Chống Tham Nhũng', 'PH48.jpg', '112 phút', 1, 9, 18, '2017-07-09', '2017-12-14', 9, 74, 72, 71, '', 1, 'Đội Chống Tham Nhũng P Storm 2017 Full HD Vietsub Thuyết Minh Phim kể về một gã cảnh sát đã nhận hối lộ 30 triệu đô la Hong Kong để giúp một kẻ giết người trong nhà tù sớm được trả tự do. Một cuộc điều tra đã được bắt đầu để tìm ra danh tính gã cảnh sát. Lục Chí Liêm (Cổ Thiên Lạc) vào tù giả làm phạm nhân để tiếp cận và tìm chứng cứ từ Tào Nguyên Nguyên (Lâm Phong) – thiếu gia ăn chơi khét tiếng đang bị giam giữ, còn đồng nghiệp Trình Đức Minh (Trịnh Gia Dĩnh) thì ở bên ngoài để tìm kiếm bằng chứng. Trong khoảng thời gian này, Lục Chí Liêm còn phải đối mặt với những kẻ từng bị anh vạch tội bỏ tù trước đây.');

-- --------------------------------------------------------

--
-- Cấu trúc bảng cho bảng `phimle`
--

CREATE TABLE `phimle` (
  `ID_PhimLe` int(50) NOT NULL,
  `TenPhimLe` varchar(50) COLLATE utf8mb4_unicode_ci NOT NULL
) ENGINE=InnoDB DEFAULT CHARSET=utf8mb4 COLLATE=utf8mb4_unicode_ci;

--
-- Đang đổ dữ liệu cho bảng `phimle`
--

INSERT INTO `phimle` (`ID_PhimLe`, `TenPhimLe`) VALUES
(9, 'Phim lẻ 2017'),
(10, 'Phim lẻ 2018'),
(11, 'Phim lẻ 2019'),
(12, 'Phim lẻ 2020'),
(13, 'Phim lẻ 2021'),
(14, 'Phim lẻ 2022');

-- --------------------------------------------------------

--
-- Cấu trúc bảng cho bảng `quocgia`
--

CREATE TABLE `quocgia` (
  `ID_QuocGia` int(50) NOT NULL,
  `TenQuocGia` text COLLATE utf8mb4_unicode_ci NOT NULL
) ENGINE=InnoDB DEFAULT CHARSET=utf8mb4 COLLATE=utf8mb4_unicode_ci;

--
-- Đang đổ dữ liệu cho bảng `quocgia`
--

INSERT INTO `quocgia` (`ID_QuocGia`, `TenQuocGia`) VALUES
(13, 'Mỹ '),
(14, 'Việt Nam'),
(15, 'Trung Quốc'),
(16, 'Hàn Quốc'),
(17, 'Thái Lan'),
(18, 'Hồng Kông'),
(19, 'Đức'),
(20, 'Australia');

-- --------------------------------------------------------

--
-- Cấu trúc bảng cho bảng `quoctich`
--

CREATE TABLE `quoctich` (
  `ID_QuocTich` int(50) NOT NULL,
  `TenQuocTich` varchar(50) COLLATE utf8mb4_unicode_ci NOT NULL
) ENGINE=InnoDB DEFAULT CHARSET=utf8mb4 COLLATE=utf8mb4_unicode_ci;

--
-- Đang đổ dữ liệu cho bảng `quoctich`
--

INSERT INTO `quoctich` (`ID_QuocTich`, `TenQuocTich`) VALUES
(5, 'Mỹ'),
(6, 'Việt Nam'),
(7, 'Trung Quốc'),
(8, 'Hàn Quốc'),
(9, 'Thái Lan'),
(10, 'Hồng Kông'),
(11, 'Đức'),
(12, 'Australia');

-- --------------------------------------------------------

--
-- Cấu trúc bảng cho bảng `theloai`
--

CREATE TABLE `theloai` (
  `ID_TheLoai` int(50) NOT NULL,
  `TenTheLoai` text COLLATE utf8mb4_unicode_ci NOT NULL
) ENGINE=InnoDB DEFAULT CHARSET=utf8mb4 COLLATE=utf8mb4_unicode_ci;

--
-- Đang đổ dữ liệu cho bảng `theloai`
--

INSERT INTO `theloai` (`ID_TheLoai`, `TenTheLoai`) VALUES
(5, 'Gia đình'),
(6, 'Hành động '),
(7, 'Tâm lý tình cảm'),
(8, 'Phiêu lưu'),
(9, 'Trinh thám'),
(10, 'Kinh dị '),
(11, 'Cổ trang ');

-- --------------------------------------------------------

--
-- Cấu trúc bảng cho bảng `user`
--

CREATE TABLE `user` (
  `ID` int(50) NOT NULL,
  `TaiKhoan` varchar(50) COLLATE utf8mb4_unicode_ci NOT NULL,
  `MatKhau` varchar(50) COLLATE utf8mb4_unicode_ci NOT NULL
) ENGINE=InnoDB DEFAULT CHARSET=utf8mb4 COLLATE=utf8mb4_unicode_ci;

--
-- Đang đổ dữ liệu cho bảng `user`
--

INSERT INTO `user` (`ID`, `TaiKhoan`, `MatKhau`) VALUES
(1, 'Admin000', '123456');

--
-- Chỉ mục cho các bảng đã đổ
--

--
-- Chỉ mục cho bảng `daodien`
--
ALTER TABLE `daodien`
  ADD PRIMARY KEY (`ID_DaoDien`);

--
-- Chỉ mục cho bảng `dienvien`
--
ALTER TABLE `dienvien`
  ADD PRIMARY KEY (`ID_DienVien`),
  ADD KEY `QuocTich` (`QuocTich`),
  ADD KEY `NgheNghiep` (`NgheNghiep`);

--
-- Chỉ mục cho bảng `dienvien2`
--
ALTER TABLE `dienvien2`
  ADD PRIMARY KEY (`ID_DienVien2`),
  ADD KEY `QuocTich` (`QuocTich`),
  ADD KEY `NgheNghiep` (`NgheNghiep`);

--
-- Chỉ mục cho bảng `nghenghiep`
--
ALTER TABLE `nghenghiep`
  ADD PRIMARY KEY (`ID_NgheNghiep`);

--
-- Chỉ mục cho bảng `phim`
--
ALTER TABLE `phim`
  ADD PRIMARY KEY (`ID`),
  ADD KEY `DaoDien` (`DaoDien`),
  ADD KEY `PhimLe` (`PhimLe`),
  ADD KEY `TheLoai` (`TheLoai`) USING BTREE,
  ADD KEY `QuocGia` (`QuocGia`) USING BTREE,
  ADD KEY `DienVien` (`DienVien`) USING BTREE,
  ADD KEY `DienVien2` (`DienVien2`);

--
-- Chỉ mục cho bảng `phimle`
--
ALTER TABLE `phimle`
  ADD PRIMARY KEY (`ID_PhimLe`);

--
-- Chỉ mục cho bảng `quocgia`
--
ALTER TABLE `quocgia`
  ADD PRIMARY KEY (`ID_QuocGia`);

--
-- Chỉ mục cho bảng `quoctich`
--
ALTER TABLE `quoctich`
  ADD PRIMARY KEY (`ID_QuocTich`);

--
-- Chỉ mục cho bảng `theloai`
--
ALTER TABLE `theloai`
  ADD PRIMARY KEY (`ID_TheLoai`);

--
-- Chỉ mục cho bảng `user`
--
ALTER TABLE `user`
  ADD PRIMARY KEY (`ID`);

--
-- AUTO_INCREMENT cho các bảng đã đổ
--

--
-- AUTO_INCREMENT cho bảng `daodien`
--
ALTER TABLE `daodien`
  MODIFY `ID_DaoDien` int(50) NOT NULL AUTO_INCREMENT, AUTO_INCREMENT=75;

--
-- AUTO_INCREMENT cho bảng `dienvien`
--
ALTER TABLE `dienvien`
  MODIFY `ID_DienVien` int(50) NOT NULL AUTO_INCREMENT, AUTO_INCREMENT=73;

--
-- AUTO_INCREMENT cho bảng `dienvien2`
--
ALTER TABLE `dienvien2`
  MODIFY `ID_DienVien2` int(50) NOT NULL AUTO_INCREMENT, AUTO_INCREMENT=72;

--
-- AUTO_INCREMENT cho bảng `nghenghiep`
--
ALTER TABLE `nghenghiep`
  MODIFY `ID_NgheNghiep` int(50) NOT NULL AUTO_INCREMENT, AUTO_INCREMENT=8;

--
-- AUTO_INCREMENT cho bảng `phim`
--
ALTER TABLE `phim`
  MODIFY `ID` int(50) NOT NULL AUTO_INCREMENT, AUTO_INCREMENT=77;

--
-- AUTO_INCREMENT cho bảng `phimle`
--
ALTER TABLE `phimle`
  MODIFY `ID_PhimLe` int(50) NOT NULL AUTO_INCREMENT, AUTO_INCREMENT=15;

--
-- AUTO_INCREMENT cho bảng `quocgia`
--
ALTER TABLE `quocgia`
  MODIFY `ID_QuocGia` int(50) NOT NULL AUTO_INCREMENT, AUTO_INCREMENT=21;

--
-- AUTO_INCREMENT cho bảng `quoctich`
--
ALTER TABLE `quoctich`
  MODIFY `ID_QuocTich` int(50) NOT NULL AUTO_INCREMENT, AUTO_INCREMENT=13;

--
-- AUTO_INCREMENT cho bảng `theloai`
--
ALTER TABLE `theloai`
  MODIFY `ID_TheLoai` int(50) NOT NULL AUTO_INCREMENT, AUTO_INCREMENT=12;

--
-- AUTO_INCREMENT cho bảng `user`
--
ALTER TABLE `user`
  MODIFY `ID` int(50) NOT NULL AUTO_INCREMENT, AUTO_INCREMENT=2;

--
-- Các ràng buộc cho các bảng đã đổ
--

--
-- Các ràng buộc cho bảng `dienvien`
--
ALTER TABLE `dienvien`
  ADD CONSTRAINT `dienvien_ibfk_1` FOREIGN KEY (`QuocTich`) REFERENCES `quoctich` (`ID_QuocTich`),
  ADD CONSTRAINT `dienvien_ibfk_2` FOREIGN KEY (`NgheNghiep`) REFERENCES `nghenghiep` (`ID_NgheNghiep`);

--
-- Các ràng buộc cho bảng `dienvien2`
--
ALTER TABLE `dienvien2`
  ADD CONSTRAINT `dienvien2_ibfk_1` FOREIGN KEY (`QuocTich`) REFERENCES `quoctich` (`ID_QuocTich`),
  ADD CONSTRAINT `dienvien2_ibfk_2` FOREIGN KEY (`NgheNghiep`) REFERENCES `nghenghiep` (`ID_NgheNghiep`);

--
-- Các ràng buộc cho bảng `phim`
--
ALTER TABLE `phim`
  ADD CONSTRAINT `phim_ibfk_1` FOREIGN KEY (`DienVien`) REFERENCES `dienvien` (`ID_DienVien`),
  ADD CONSTRAINT `phim_ibfk_2` FOREIGN KEY (`QuocGia`) REFERENCES `quocgia` (`ID_QuocGia`),
  ADD CONSTRAINT `phim_ibfk_3` FOREIGN KEY (`TheLoai`) REFERENCES `theloai` (`ID_TheLoai`),
  ADD CONSTRAINT `phim_ibfk_4` FOREIGN KEY (`DaoDien`) REFERENCES `daodien` (`ID_DaoDien`),
  ADD CONSTRAINT `phim_ibfk_5` FOREIGN KEY (`PhimLe`) REFERENCES `phimle` (`ID_PhimLe`),
  ADD CONSTRAINT `phim_ibfk_6` FOREIGN KEY (`DienVien2`) REFERENCES `dienvien2` (`ID_DienVien2`);
COMMIT;

/*!40101 SET CHARACTER_SET_CLIENT=@OLD_CHARACTER_SET_CLIENT */;
/*!40101 SET CHARACTER_SET_RESULTS=@OLD_CHARACTER_SET_RESULTS */;
/*!40101 SET COLLATION_CONNECTION=@OLD_COLLATION_CONNECTION */;
